"bin","k","mean_mast","sd_mast","mean_coph","sd_coph"
"05-10%",1,30.9,NA,0.789048058599237,NA
"05-10%",2,29.8833333333333,NA,0.63318858254119,NA
"05-10%",3,28.88,NA,0.516292723002864,NA
"05-10%",4,27.8866666666667,NA,0.416394845069194,NA
"05-10%",5,26.8033333333333,NA,0.341299679140979,NA
"05-10%",6,25.75,NA,0.278786390988113,NA
"05-10%",7,24.7533333333333,NA,0.221136399121157,NA
"05-10%",8,23.75,NA,0.170794077206016,NA
"05-10%",9,22.7,NA,0.126473922931155,NA
"05-10%",10,21.8,NA,0.0930512660099409,NA
"05-10%",11,20.98,NA,0.0534256106710969,NA
"05-10%",12,19.92,NA,0.0345085549111556,NA
"05-10%",13,19.07,NA,0.0142531492295597,NA
"05-10%",14,18.49,NA,0.00251000753107433,NA
"05-10%",15,17.6466666666667,NA,-0.00626116498344262,NA
"05-10%",16,17.4566666666667,NA,-0.00953614958567917,NA
"05-10%",17,17.8233333333333,NA,-0.00595006897235276,NA
"05-10%",18,18.2966666666667,NA,0.00245007567261178,NA
"05-10%",19,18.9433333333333,NA,0.0181651011973759,NA
"05-10%",20,19.99,NA,0.0384120549786998,NA
"05-10%",21,20.9233333333333,NA,0.0582737478993035,NA
"05-10%",22,21.8233333333333,NA,0.0911684345810534,NA
"05-10%",23,22.8,NA,0.118994176336081,NA
"05-10%",24,23.77,NA,0.167380976472414,NA
"05-10%",25,24.7566666666667,NA,0.222085817554912,NA
"05-10%",26,25.76,NA,0.268277689752849,NA
"05-10%",27,26.8066666666667,NA,0.343083895764585,NA
"05-10%",28,27.76,NA,0.426341897557462,NA
"05-10%",29,28.8366666666667,NA,0.512900873212494,NA
"05-10%",30,29.89,NA,0.633466412662164,NA
"05-10%",31,30.9033333333333,NA,0.785894966480671,NA
"05-10%",32,32,NA,1,NA
"10-15%",1,30.9366666666667,NA,0.838326359178962,NA
"10-15%",2,29.8666666666667,NA,0.703855402079628,NA
"10-15%",3,28.9066666666667,NA,0.584796614796819,NA
"10-15%",4,27.8,NA,0.488798481221241,NA
"10-15%",5,26.7966666666667,NA,0.398158884566769,NA
"10-15%",6,25.77,NA,0.326316135295845,NA
"10-15%",7,24.7333333333333,NA,0.260660749493088,NA
"10-15%",8,23.73,NA,0.201820954996393,NA
"10-15%",9,22.7133333333333,NA,0.150921863938646,NA
"10-15%",10,21.79,NA,0.105527049804689,NA
"10-15%",11,20.7666666666667,NA,0.0722765988895221,NA
"10-15%",12,19.6266666666667,NA,0.047354290090419,NA
"10-15%",13,18.7933333333333,NA,0.0192688031504856,NA
"10-15%",14,17.9866666666667,NA,0.00195455351700356,NA
"10-15%",15,17.3566666666667,NA,-0.00630708429520637,NA
"10-15%",16,17.2566666666667,NA,-0.0080148274433601,NA
"10-15%",17,17.2733333333333,NA,-0.00666596997535314,NA
"10-15%",18,17.8466666666667,NA,0.00545326384264525,NA
"10-15%",19,18.7133333333333,NA,0.0181240435368796,NA
"10-15%",20,19.75,NA,0.0424457802716467,NA
"10-15%",21,20.7833333333333,NA,0.0697147748532823,NA
"10-15%",22,21.7,NA,0.108349815692554,NA
"10-15%",23,22.6966666666667,NA,0.14829985343592,NA
"10-15%",24,23.68,NA,0.198811292661036,NA
"10-15%",25,24.7666666666667,NA,0.264914857885803,NA
"10-15%",26,25.73,NA,0.330153128687517,NA
"10-15%",27,26.79,NA,0.398561097826092,NA
"10-15%",28,27.76,NA,0.48687320406564,NA
"10-15%",29,28.86,NA,0.589183361011118,NA
"10-15%",30,29.9,NA,0.70141560503186,NA
"10-15%",31,30.9366666666667,NA,0.837925088283631,NA
"10-15%",32,32,NA,1,NA
"15-20%",1,30.9466666666667,NA,0.857070318651046,NA
"15-20%",2,29.89,NA,0.729094968102743,NA
"15-20%",3,28.8633333333333,NA,0.615896461241121,NA
"15-20%",4,27.8333333333333,NA,0.521739752882898,NA
"15-20%",5,26.8133333333333,NA,0.428516401604239,NA
"15-20%",6,25.7566666666667,NA,0.348614550198389,NA
"15-20%",7,24.6733333333333,NA,0.280234048935455,NA
"15-20%",8,23.7,NA,0.217520406947913,NA
"15-20%",9,22.7866666666667,NA,0.163976550754658,NA
"15-20%",10,21.67,NA,0.118657705424214,NA
"15-20%",11,20.5233333333333,NA,0.0787067574642115,NA
"15-20%",12,19.3833333333333,NA,0.0487911889263614,NA
"15-20%",13,18.5233333333333,NA,0.0224425961940588,NA
"15-20%",14,17.45,NA,0.00310807423789849,NA
"15-20%",15,17.0066666666667,NA,-0.00617102621575188,NA
"15-20%",16,16.6566666666667,NA,-0.00899852821159397,NA
"15-20%",17,16.8733333333333,NA,-0.00438466013952446,NA
"15-20%",18,17.4366666666667,NA,0.00470716246713031,NA
"15-20%",19,18.5433333333333,NA,0.0220034718072994,NA
"15-20%",20,19.41,NA,0.0492519673890911,NA
"15-20%",21,20.5166666666667,NA,0.0794566180544983,NA
"15-20%",22,21.6533333333333,NA,0.118727512052755,NA
"15-20%",23,22.65,NA,0.164728229969756,NA
"15-20%",24,23.72,NA,0.219887815515613,NA
"15-20%",25,24.67,NA,0.280516199790089,NA
"15-20%",26,25.7766666666667,NA,0.354076421598387,NA
"15-20%",27,26.7966666666667,NA,0.42819815715234,NA
"15-20%",28,27.88,NA,0.516477125812759,NA
"15-20%",29,28.8666666666667,NA,0.619474682523068,NA
"15-20%",30,29.9233333333333,NA,0.728643977775028,NA
"15-20%",31,30.9466666666667,NA,0.856395888408195,NA
"15-20%",32,32,NA,1,NA
"20-25%",1,30.9333333333333,NA,0.869410001345361,NA
"20-25%",2,29.8966666666667,NA,0.750072918024564,NA
"20-25%",3,28.9066666666667,NA,0.641775106446558,NA
"20-25%",4,27.8366666666667,NA,0.54127749884837,NA
"20-25%",5,26.7866666666667,NA,0.452044587934502,NA
"20-25%",6,25.7733333333333,NA,0.371113997600744,NA
"20-25%",7,24.7333333333333,NA,0.29822382185108,NA
"20-25%",8,23.76,NA,0.23410261315034,NA
"20-25%",9,22.5866666666667,NA,0.1763724793678,NA
"20-25%",10,21.4133333333333,NA,0.126775322382474,NA
"20-25%",11,20.05,NA,0.0866050625073215,NA
"20-25%",12,19.0933333333333,NA,0.0513284908024132,NA
"20-25%",13,17.7633333333333,NA,0.0272370257897429,NA
"20-25%",14,17.0133333333333,NA,0.00778182198843867,NA
"20-25%",15,16.5033333333333,NA,-0.00383397531806632,NA
"20-25%",16,16.3,NA,-0.00792098006258197,NA
"20-25%",17,16.42,NA,-0.00346857220028101,NA
"20-25%",18,16.9,NA,0.00781958784153632,NA
"20-25%",19,17.8866666666667,NA,0.0262469927510669,NA
"20-25%",20,19.1966666666667,NA,0.0524577796004852,NA
"20-25%",21,20.0966666666667,NA,0.0852460099188892,NA
"20-25%",22,21.4266666666667,NA,0.125302149507336,NA
"20-25%",23,22.3733333333333,NA,0.177585265264049,NA
"20-25%",24,23.7766666666667,NA,0.234562974266302,NA
"20-25%",25,24.7733333333333,NA,0.297972202809848,NA
"20-25%",26,25.79,NA,0.371075235252561,NA
"20-25%",27,26.8166666666667,NA,0.451202804823744,NA
"20-25%",28,27.8466666666667,NA,0.540456034345759,NA
"20-25%",29,28.89,NA,0.63921552378469,NA
"20-25%",30,29.9,NA,0.749753559315917,NA
"20-25%",31,30.9466666666667,NA,0.869760147986786,NA
"20-25%",32,32,NA,1,NA
"25-30%",1,30.9433333333333,NA,0.874826056685304,NA
"25-30%",2,29.9033333333333,NA,0.758967736041874,NA
"25-30%",3,28.9,NA,0.651175339266435,NA
"25-30%",4,27.84,NA,0.552875252685221,NA
"25-30%",5,26.7966666666667,NA,0.462211840673756,NA
"25-30%",6,25.85,NA,0.38032730858762,NA
"25-30%",7,24.65,NA,0.3050396518258,NA
"25-30%",8,23.38,NA,0.241043850538168,NA
"25-30%",9,22.2066666666667,NA,0.181766078558746,NA
"25-30%",10,21.01,NA,0.132025862912362,NA
"25-30%",11,19.8233333333333,NA,0.0899944896330024,NA
"25-30%",12,19,NA,0.0552011736726636,NA
"25-30%",13,17.6133333333333,NA,0.0290394176657539,NA
"25-30%",14,17.0966666666667,NA,0.00978613412227637,NA
"25-30%",15,16.5066666666667,NA,-0.00170722157050411,NA
"25-30%",16,16.2633333333333,NA,-0.00512162283700006,NA
"25-30%",17,16.4533333333333,NA,-0.0016555031980337,NA
"25-30%",18,17.1766666666667,NA,0.0097980490063382,NA
"25-30%",19,17.7233333333333,NA,0.0289218261041255,NA
"25-30%",20,18.7066666666667,NA,0.0561651855787922,NA
"25-30%",21,19.7733333333333,NA,0.090452774141116,NA
"25-30%",22,21.0233333333333,NA,0.131524217239045,NA
"25-30%",23,22.2433333333333,NA,0.182078358924311,NA
"25-30%",24,23.4833333333333,NA,0.241204790454694,NA
"25-30%",25,24.5266666666667,NA,0.305264321479675,NA
"25-30%",26,25.8166666666667,NA,0.37992714319249,NA
"25-30%",27,26.8133333333333,NA,0.462466233277036,NA
"25-30%",28,27.83,NA,0.551422251433122,NA
"25-30%",29,28.8566666666667,NA,0.651195296976763,NA
"25-30%",30,29.8833333333333,NA,0.75936128043586,NA
"25-30%",31,30.9633333333333,NA,0.874772693114371,NA
"25-30%",32,32,NA,1,NA
"30-35%",1,30.9566666666667,NA,0.877949319141959,NA
"30-35%",2,29.91,NA,0.763831835906207,NA
"30-35%",3,28.8433333333333,NA,0.657682483921101,NA
"30-35%",4,27.82,NA,0.55964794715674,NA
"30-35%",5,26.7333333333333,NA,0.469281768462873,NA
"30-35%",6,25.2933333333333,NA,0.386707601442351,NA
"30-35%",7,23.7833333333333,NA,0.312825804296479,NA
"30-35%",8,22.7966666666667,NA,0.246457830051759,NA
"30-35%",9,21.5033333333333,NA,0.187175954214052,NA
"30-35%",10,20.2766666666667,NA,0.137166602615587,NA
"30-35%",11,18.9466666666667,NA,0.0934673966972502,NA
"30-35%",12,18.14,NA,0.0587417793894929,NA
"30-35%",13,17.34,NA,0.031883788112805,NA
"30-35%",14,16.55,NA,0.0124430870691139,NA
"30-35%",15,16.34,NA,0.00077575132463742,NA
"30-35%",16,16.28,NA,-0.00355007880649768,NA
"30-35%",17,16.38,NA,0.000854181562504178,NA
"30-35%",18,16.8,NA,0.0119201117608025,NA
"30-35%",19,17.4766666666667,NA,0.0309532123440043,NA
"30-35%",20,18.38,NA,0.0585915838845446,NA
"30-35%",21,18.9833333333333,NA,0.0936695734158403,NA
"30-35%",22,20.1266666666667,NA,0.136846103475643,NA
"30-35%",23,21.65,NA,0.187320443018682,NA
"30-35%",24,22.8933333333333,NA,0.246033888643577,NA
"30-35%",25,24.0033333333333,NA,0.312666924654549,NA
"30-35%",26,25.2833333333333,NA,0.387018492079057,NA
"30-35%",27,26.5133333333333,NA,0.469845895476201,NA
"30-35%",28,27.8366666666667,NA,0.559204890696222,NA
"30-35%",29,28.8566666666667,NA,0.657972241615536,NA
"30-35%",30,29.8966666666667,NA,0.76393447737412,NA
"30-35%",31,30.9666666666667,NA,0.87797556695297,NA
"30-35%",32,32,NA,1,NA
"35-40%",1,30.93,NA,0.878884821063699,NA
"35-40%",2,29.89,NA,0.76549996680464,NA
"35-40%",3,28.8566666666667,NA,0.659780948675728,NA
"35-40%",4,26.95,NA,0.561833053344801,NA
"35-40%",5,26.05,NA,0.471632774718757,NA
"35-40%",6,24.1366666666667,NA,0.389485257297247,NA
"35-40%",7,23.21,NA,0.315292338299085,NA
"35-40%",8,21.4333333333333,NA,0.248505089120617,NA
"35-40%",9,20.94,NA,0.189812756059633,NA
"35-40%",10,19.5166666666667,NA,0.138770518813669,NA
"35-40%",11,18.9933333333333,NA,0.0955862319987197,NA
"35-40%",12,17.7966666666667,NA,0.0608528462418781,NA
"35-40%",13,17.3133333333333,NA,0.0330904998160927,NA
"35-40%",14,16.63,NA,0.0137088965747459,NA
"35-40%",15,16.3266666666667,NA,0.00230334393033896,NA
"35-40%",16,16.3466666666667,NA,-0.0016936593704797,NA
"35-40%",17,16.3666666666667,NA,0.00209290145629129,NA
"35-40%",18,16.4333333333333,NA,0.0138806562711451,NA
"35-40%",19,17.0033333333333,NA,0.0333193467165005,NA
"35-40%",20,17.4166666666667,NA,0.0606960734400724,NA
"35-40%",21,18.47,NA,0.0957902039285185,NA
"35-40%",22,19.3833333333333,NA,0.139183566148491,NA
"35-40%",23,21.1066666666667,NA,0.189564490806078,NA
"35-40%",24,21.64,NA,0.248451787444891,NA
"35-40%",25,23.6666666666667,NA,0.315120009784045,NA
"35-40%",26,24.3733333333333,NA,0.389537003668228,NA
"35-40%",27,26.0166666666667,NA,0.471921397369513,NA
"35-40%",28,27.1266666666667,NA,0.561764169304493,NA
"35-40%",29,28.8666666666667,NA,0.659784274854042,NA
"35-40%",30,29.9,NA,0.765488821784429,NA
"35-40%",31,30.95,NA,0.878879677246884,NA
"35-40%",32,32,NA,1,NA
"40-45%",1,30.9666666666667,NA,0.878988620233378,NA
"40-45%",2,28.23,NA,0.765752342663944,NA
"40-45%",3,26.3666666666667,NA,0.660222263952712,NA
"40-45%",4,25.2433333333333,NA,0.562508710941574,NA
"40-45%",5,24.17,NA,0.472545829312737,NA
"40-45%",6,22.75,NA,0.390530870999644,NA
"40-45%",7,21.98,NA,0.316159117713117,NA
"40-45%",8,20.8866666666667,NA,0.249647249887509,NA
"40-45%",9,19.8266666666667,NA,0.19093708768069,NA
"40-45%",10,18.8466666666667,NA,0.140091581032881,NA
"40-45%",11,17.85,NA,0.0970441217862285,NA
"40-45%",12,17.6666666666667,NA,0.061839657390707,NA
"40-45%",13,17.0733333333333,NA,0.0344761026836242,NA
"40-45%",14,16.7233333333333,NA,0.014913098042878,NA
"40-45%",15,16.6066666666667,NA,0.00310935179564292,NA
"40-45%",16,16.5166666666667,NA,-0.000836398209464022,NA
"40-45%",17,16.61,NA,0.0031401163076161,NA
"40-45%",18,16.8333333333333,NA,0.0149044970966294,NA
"40-45%",19,16.9566666666667,NA,0.0343391657749696,NA
"40-45%",20,17.6633333333333,NA,0.0618986089185778,NA
"40-45%",21,18.2066666666667,NA,0.0970534492290376,NA
"40-45%",22,18.7133333333333,NA,0.14018366994589,NA
"40-45%",23,20.1666666666667,NA,0.191013758434618,NA
"40-45%",24,20.5166666666667,NA,0.24966440042199,NA
"40-45%",25,22.21,NA,0.316110659456589,NA
"40-45%",26,22.6233333333333,NA,0.39039226920857,NA
"40-45%",27,23.5133333333333,NA,0.472653736948606,NA
"40-45%",28,24.6866666666667,NA,0.562522407717098,NA
"40-45%",29,26.9633333333333,NA,0.660244099943892,NA
"40-45%",30,28.4733333333333,NA,0.765742005694342,NA
"40-45%",31,30.9466666666667,NA,0.878986190239067,NA
"40-45%",32,32,NA,1,NA
"45-50%",1,26.2666666666667,NA,0.878934700503875,NA
"45-50%",2,26.3833333333333,NA,0.765691692999874,NA
"45-50%",3,24.0133333333333,NA,0.660292744049903,NA
"45-50%",4,23.3166666666667,NA,0.562642961928855,NA
"45-50%",5,22.2066666666667,NA,0.472818570230555,NA
"45-50%",6,21.5466666666667,NA,0.390772626979312,NA
"45-50%",7,20.1233333333333,NA,0.316653802634524,NA
"45-50%",8,20.1266666666667,NA,0.250118835554926,NA
"45-50%",9,19.48,NA,0.19150272908395,NA
"45-50%",10,19.03,NA,0.140680126609636,NA
"45-50%",11,17.88,NA,0.0976563257787984,NA
"45-50%",12,17.9766666666667,NA,0.0624753970119472,NA
"45-50%",13,17.6933333333333,NA,0.0350791667767556,NA
"45-50%",14,17.38,NA,0.0155040910533512,NA
"45-50%",15,17.29,NA,0.00379435156573879,NA
"45-50%",16,17.0966666666667,NA,-0.00011674217761515,NA
"45-50%",17,17.27,NA,0.00378776895793488,NA
"45-50%",18,17.66,NA,0.0155182295026758,NA
"45-50%",19,17.61,NA,0.0350902902181145,NA
"45-50%",20,17.94,NA,0.0624717470454089,NA
"45-50%",21,18.36,NA,0.0976572656760172,NA
"45-50%",22,18.8233333333333,NA,0.140650655313615,NA
"45-50%",23,19.4166666666667,NA,0.191466888103599,NA
"45-50%",24,19.9766666666667,NA,0.250176371321416,NA
"45-50%",25,20.6266666666667,NA,0.316532753644494,NA
"45-50%",26,21.7566666666667,NA,0.390792021294871,NA
"45-50%",27,22,NA,0.472791208812852,NA
"45-50%",28,23.74,NA,0.56261523978578,NA
"45-50%",29,24.3066666666667,NA,0.660269842585043,NA
"45-50%",30,25.8366666666667,NA,0.765690541043593,NA
"45-50%",31,26.1733333333333,NA,0.878933312531241,NA
"45-50%",32,32,NA,1,NA
"50-55%",1,26.5733333333333,NA,0.878927606421524,NA
"50-55%",2,26.0866666666667,NA,0.76568641989615,NA
"50-55%",3,24.35,NA,0.660242150406274,NA
"50-55%",4,23.6866666666667,NA,0.562638755820189,NA
"50-55%",5,22.23,NA,0.472809054807813,NA
"50-55%",6,21.3033333333333,NA,0.390808248655132,NA
"50-55%",7,20.75,NA,0.316546504382592,NA
"50-55%",8,20.0333333333333,NA,0.250119682089616,NA
"50-55%",9,19.34,NA,0.191496908150118,NA
"50-55%",10,18.8533333333333,NA,0.140694286432649,NA
"50-55%",11,17.9166666666667,NA,0.0976937982428239,NA
"50-55%",12,17.8233333333333,NA,0.0625203196238368,NA
"50-55%",13,17.57,NA,0.0351219545930452,NA
"50-55%",14,17.2366666666667,NA,0.0155639338216503,NA
"50-55%",15,17.0266666666667,NA,0.00382152935676019,NA
"50-55%",16,17.1166666666667,NA,-7.54154687918787e-05,NA
"50-55%",17,17.0633333333333,NA,0.00383998704658386,NA
"50-55%",18,17.1666666666667,NA,0.0155614186566106,NA
"50-55%",19,17.4566666666667,NA,0.0351238528473222,NA
"50-55%",20,17.5933333333333,NA,0.0624995578183435,NA
"50-55%",21,18.1833333333333,NA,0.0976896229502898,NA
"50-55%",22,18.92,NA,0.140678228754724,NA
"50-55%",23,19.2766666666667,NA,0.191580465883284,NA
"50-55%",24,19.83,NA,0.250140959421712,NA
"50-55%",25,20.6433333333333,NA,0.316584903003078,NA
"50-55%",26,21.6233333333333,NA,0.39083433571189,NA
"50-55%",27,21.4433333333333,NA,0.472840544782368,NA
"50-55%",28,23.5433333333333,NA,0.562643117951006,NA
"50-55%",29,24.3833333333333,NA,0.660268637723103,NA
"50-55%",30,25.8633333333333,NA,0.765682869620927,NA
"50-55%",31,26.6033333333333,NA,0.878927297983161,NA
"50-55%",32,32,NA,1,NA
"55-60%",1,30.9766666666667,NA,0.87898476980139,NA
"55-60%",2,29.0733333333333,NA,0.765729328989264,NA
"55-60%",3,26.9933333333333,NA,0.660224263236081,NA
"55-60%",4,25.7866666666667,NA,0.562516192791615,NA
"55-60%",5,24.9633333333333,NA,0.472692701171501,NA
"55-60%",6,23.1533333333333,NA,0.390557603321396,NA
"55-60%",7,22.4366666666667,NA,0.31623545772282,NA
"55-60%",8,21.5333333333333,NA,0.24975790813714,NA
"55-60%",9,20.4266666666667,NA,0.191080731959545,NA
"55-60%",10,19.6966666666667,NA,0.140153167687988,NA
"55-60%",11,18.6266666666667,NA,0.0971178833793805,NA
"55-60%",12,18.27,NA,0.0620146761631607,NA
"55-60%",13,18.1266666666667,NA,0.0344829347264348,NA
"55-60%",14,17.75,NA,0.0149400771251545,NA
"55-60%",15,17.5466666666667,NA,0.00326103560780247,NA
"55-60%",16,17.5766666666667,NA,-0.000673991237782424,NA
"55-60%",17,17.5433333333333,NA,0.00333880921900205,NA
"55-60%",18,17.6733333333333,NA,0.0149638594026794,NA
"55-60%",19,17.95,NA,0.0345737796303316,NA
"55-60%",20,18.74,NA,0.061906136200815,NA
"55-60%",21,19.1766666666667,NA,0.0971296471635945,NA
"55-60%",22,19.79,NA,0.140165260931424,NA
"55-60%",23,20.5766666666667,NA,0.1910625993821,NA
"55-60%",24,21.1566666666667,NA,0.249714790418335,NA
"55-60%",25,22.4333333333333,NA,0.316217169823615,NA
"55-60%",26,23.1366666666667,NA,0.390482175009134,NA
"55-60%",27,24.65,NA,0.47263553565142,NA
"55-60%",28,25.65,NA,0.56251528578073,NA
"55-60%",29,27.3533333333333,NA,0.660247410257248,NA
"55-60%",30,28.6566666666667,NA,0.765750831652105,NA
"55-60%",31,30.9733333333333,NA,0.878982345221879,NA
"55-60%",32,32,NA,1,NA
"60-65%",1,30.9766666666667,NA,0.878868532310453,NA
"60-65%",2,29.95,NA,0.76542648773797,NA
"60-65%",3,28.9466666666667,NA,0.659769153929198,NA
"60-65%",4,27.2833333333333,NA,0.561851415692193,NA
"60-65%",5,26.2166666666667,NA,0.471902306068087,NA
"60-65%",6,24.43,NA,0.389574776646499,NA
"60-65%",7,23.47,NA,0.315246619921509,NA
"60-65%",8,22.49,NA,0.248294164478948,NA
"60-65%",9,21.1333333333333,NA,0.189931011103294,NA
"60-65%",10,20.44,NA,0.13892749616729,NA
"60-65%",11,19.1033333333333,NA,0.0960794466535645,NA
"60-65%",12,18.5733333333333,NA,0.0608115481383301,NA
"60-65%",13,17.8233333333333,NA,0.0333456996133954,NA
"60-65%",14,17.42,NA,0.013573207169026,NA
"60-65%",15,17.1,NA,0.00216052841443358,NA
"60-65%",16,17.06,NA,-0.0018001860105345,NA
"60-65%",17,17.1766666666667,NA,0.00183570676408931,NA
"60-65%",18,17.35,NA,0.0138155881507457,NA
"60-65%",19,17.5233333333333,NA,0.0332897070627909,NA
"60-65%",20,18.3,NA,0.0607868574752058,NA
"60-65%",21,19.1666666666667,NA,0.0957067143250869,NA
"60-65%",22,20.19,NA,0.138852749139768,NA
"60-65%",23,20.93,NA,0.189678078015387,NA
"60-65%",24,22.41,NA,0.248763761923171,NA
"60-65%",25,23.35,NA,0.315016928886853,NA
"60-65%",26,24.55,NA,0.389505417895294,NA
"60-65%",27,26.3766666666667,NA,0.471629157713256,NA
"60-65%",28,27.2433333333333,NA,0.561852958041839,NA
"60-65%",29,28.8966666666667,NA,0.659783481596622,NA
"60-65%",30,29.9666666666667,NA,0.765478480108876,NA
"60-65%",31,30.9766666666667,NA,0.878873676127267,NA
"60-65%",32,32,NA,1,NA
"65-70%",1,30.98,NA,0.878200274826392,NA
"65-70%",2,29.9566666666667,NA,0.764193672778664,NA
"65-70%",3,28.9433333333333,NA,0.658265485455553,NA
"65-70%",4,27.9866666666667,NA,0.560302524160415,NA
"65-70%",5,26.8833333333333,NA,0.469911759423933,NA
"65-70%",6,25.7266666666667,NA,0.387796541421997,NA
"65-70%",7,24.4566666666667,NA,0.313861358249811,NA
"65-70%",8,23.0333333333333,NA,0.246323728178591,NA
"65-70%",9,22.42,NA,0.187676517321688,NA
"65-70%",10,21.0166666666667,NA,0.137580133251389,NA
"65-70%",11,20.2033333333333,NA,0.094058401405739,NA
"65-70%",12,19.31,NA,0.0594851139281223,NA
"65-70%",13,18.6466666666667,NA,0.0321880680459309,NA
"65-70%",14,18.2566666666667,NA,0.0119960931005912,NA
"65-70%",15,17.9966666666667,NA,0.000606789334423786,NA
"65-70%",16,17.97,NA,-0.00387670451029613,NA
"65-70%",17,17.9833333333333,NA,0.000980234915748549,NA
"65-70%",18,18.3066666666667,NA,0.0124081348879052,NA
"65-70%",19,18.5733333333333,NA,0.0320734223044941,NA
"65-70%",20,19.35,NA,0.0589416721494179,NA
"65-70%",21,20.2433333333333,NA,0.0940716558629653,NA
"65-70%",22,20.8966666666667,NA,0.137283132880003,NA
"65-70%",23,22.01,NA,0.188127510579948,NA
"65-70%",24,23.03,NA,0.246881006313982,NA
"65-70%",25,24.5133333333333,NA,0.31311976522598,NA
"65-70%",26,25.57,NA,0.387877594666909,NA
"65-70%",27,26.8166666666667,NA,0.469400698902468,NA
"65-70%",28,28,NA,0.560083721712049,NA
"65-70%",29,28.98,NA,0.658137024282453,NA
"65-70%",30,29.9666666666667,NA,0.764086608250436,NA
"65-70%",31,30.98,NA,0.878147977234033,NA
"65-70%",32,32,NA,1,NA
"70-75%",1,30.9333333333333,NA,0.876076888459339,NA
"70-75%",2,29.9466666666667,NA,0.760911581859734,NA
"70-75%",3,28.9466666666667,NA,0.653926489816255,NA
"70-75%",4,27.94,NA,0.555433147465462,NA
"70-75%",5,26.95,NA,0.465972491298904,NA
"70-75%",6,26,NA,0.38127502695092,NA
"70-75%",7,24.81,NA,0.309194240641477,NA
"70-75%",8,23.7366666666667,NA,0.242801192509095,NA
"70-75%",9,22.65,NA,0.184945773247593,NA
"70-75%",10,21.3933333333333,NA,0.133574067884654,NA
"70-75%",11,20.4533333333333,NA,0.0902234165060568,NA
"70-75%",12,19.13,NA,0.056843121318667,NA
"70-75%",13,18.2166666666667,NA,0.0297269756389668,NA
"70-75%",14,17.6833333333333,NA,0.0104332116585985,NA
"70-75%",15,17.34,NA,-0.00142442103536379,NA
"70-75%",16,17.1966666666667,NA,-0.00463540577828517,NA
"70-75%",17,17.3266666666667,NA,-0.0012455124777783,NA
"70-75%",18,17.77,NA,0.0101704041593471,NA
"70-75%",19,18.53,NA,0.0290956484441906,NA
"70-75%",20,19.2466666666667,NA,0.056837366095579,NA
"70-75%",21,20.4366666666667,NA,0.0903366931759035,NA
"70-75%",22,21.3333333333333,NA,0.132774027646156,NA
"70-75%",23,22.6233333333333,NA,0.183734846161522,NA
"70-75%",24,23.7633333333333,NA,0.241998664742768,NA
"70-75%",25,24.7966666666667,NA,0.30881739405302,NA
"70-75%",26,25.96,NA,0.382141606061212,NA
"70-75%",27,26.9333333333333,NA,0.465619082183587,NA
"70-75%",28,27.93,NA,0.555082047164863,NA
"70-75%",29,28.9333333333333,NA,0.653826136145321,NA
"70-75%",30,29.9366666666667,NA,0.761354712498211,NA
"70-75%",31,30.9433333333333,NA,0.876061732166583,NA
"70-75%",32,32,NA,1,NA
"75-80%",1,30.9566666666667,NA,0.871241338752209,NA
"75-80%",2,29.9566666666667,NA,0.752707368733778,NA
"75-80%",3,28.9366666666667,NA,0.645246377950597,NA
"75-80%",4,27.95,NA,0.544988972906549,NA
"75-80%",5,26.8566666666667,NA,0.455840503487538,NA
"75-80%",6,25.9866666666667,NA,0.372437141938632,NA
"75-80%",7,25.0233333333333,NA,0.300815862940132,NA
"75-80%",8,23.9933333333333,NA,0.23709646893301,NA
"75-80%",9,22.8933333333333,NA,0.176390799953984,NA
"75-80%",10,21.88,NA,0.130098630770288,NA
"75-80%",11,21.0333333333333,NA,0.0881777990046505,NA
"75-80%",12,19.9166666666667,NA,0.0533704172914314,NA
"75-80%",13,19.2366666666667,NA,0.0266827925487536,NA
"75-80%",14,18.5033333333333,NA,0.00866375091028274,NA
"75-80%",15,18.09,NA,-0.00403887264436454,NA
"75-80%",16,17.8766666666667,NA,-0.00624830199102355,NA
"75-80%",17,18.0166666666667,NA,-0.00185060056755306,NA
"75-80%",18,18.5333333333333,NA,0.0079682970653489,NA
"75-80%",19,19.0433333333333,NA,0.0277159468262475,NA
"75-80%",20,19.9166666666667,NA,0.0538791884303752,NA
"75-80%",21,20.7033333333333,NA,0.0887594640992138,NA
"75-80%",22,21.96,NA,0.12979086891082,NA
"75-80%",23,23.0166666666667,NA,0.178047817995341,NA
"75-80%",24,24.0733333333333,NA,0.235491655287129,NA
"75-80%",25,25.0266666666667,NA,0.29833281351425,NA
"75-80%",26,25.96,NA,0.375029153736455,NA
"75-80%",27,26.9566666666667,NA,0.455199606050461,NA
"75-80%",28,27.9633333333333,NA,0.545784818784509,NA
"75-80%",29,28.9466666666667,NA,0.645854754709537,NA
"75-80%",30,29.94,NA,0.753004111011046,NA
"75-80%",31,30.98,NA,0.871313893595861,NA
"75-80%",32,32,NA,1,NA
"80-85%",1,30.9433333333333,NA,0.862089400747782,NA
"80-85%",2,29.9266666666667,NA,0.73682802934023,NA
"80-85%",3,28.9366666666667,NA,0.627714820037805,NA
"80-85%",4,27.9366666666667,NA,0.528039431992859,NA
"80-85%",5,27,NA,0.43602430002589,NA
"80-85%",6,25.9866666666667,NA,0.354627156336879,NA
"80-85%",7,24.9566666666667,NA,0.288255571863764,NA
"80-85%",8,23.9566666666667,NA,0.225830575802399,NA
"80-85%",9,23.0666666666667,NA,0.167877155149391,NA
"80-85%",10,22.0266666666667,NA,0.123234728860129,NA
"80-85%",11,21.0933333333333,NA,0.0819797933093669,NA
"80-85%",12,19.9466666666667,NA,0.0480496908175455,NA
"80-85%",13,18.9533333333333,NA,0.0248805021123388,NA
"80-85%",14,18.2066666666667,NA,0.00615160915529164,NA
"80-85%",15,17.5133333333333,NA,-0.00472783307409336,NA
"80-85%",16,17.4833333333333,NA,-0.00763999769510838,NA
"80-85%",17,17.6633333333333,NA,-0.00414843289935063,NA
"80-85%",18,18.2733333333333,NA,0.00545537729417891,NA
"80-85%",19,18.91,NA,0.0248611974722338,NA
"80-85%",20,19.96,NA,0.0491703790269224,NA
"80-85%",21,21.0866666666667,NA,0.0788161268364533,NA
"80-85%",22,22.1333333333333,NA,0.12154507141515,NA
"80-85%",23,23.16,NA,0.166000073113858,NA
"80-85%",24,24.0933333333333,NA,0.22167578221521,NA
"80-85%",25,24.9933333333333,NA,0.288505977237552,NA
"80-85%",26,25.94,NA,0.358051865212666,NA
"80-85%",27,26.92,NA,0.43840767488162,NA
"80-85%",28,27.8933333333333,NA,0.528463083179715,NA
"80-85%",29,28.9533333333333,NA,0.626779380564346,NA
"80-85%",30,29.95,NA,0.738465755071151,NA
"80-85%",31,30.9633333333333,NA,0.86177526891594,NA
"80-85%",32,32,NA,1,NA
"85-90%",1,30.93,NA,0.83880788425336,NA
"85-90%",2,29.86,NA,0.703054085375755,NA
"85-90%",3,28.9266666666667,NA,0.591154875155956,NA
"85-90%",4,27.9433333333333,NA,0.484756754563874,NA
"85-90%",5,26.9733333333333,NA,0.403197084738059,NA
"85-90%",6,25.9366666666667,NA,0.323533434922046,NA
"85-90%",7,25.0166666666667,NA,0.256410516616205,NA
"85-90%",8,24.12,NA,0.194616364075655,NA
"85-90%",9,23.1733333333333,NA,0.151450487255027,NA
"85-90%",10,22.1,NA,0.109532295924225,NA
"85-90%",11,21.42,NA,0.0699790311500136,NA
"85-90%",12,20.3833333333333,NA,0.0383449642815374,NA
"85-90%",13,19.38,NA,0.0197770756997952,NA
"85-90%",14,18.6833333333333,NA,0.00444661452921004,NA
"85-90%",15,18.1,NA,-0.00560061215370568,NA
"85-90%",16,17.85,NA,-0.00829807507002376,NA
"85-90%",17,18.07,NA,-0.00716319490350038,NA
"85-90%",18,18.5966666666667,NA,0.00203254081431073,NA
"85-90%",19,19.4766666666667,NA,0.0211211003868475,NA
"85-90%",20,20.3966666666667,NA,0.04206431871265,NA
"85-90%",21,21.2966666666667,NA,0.0702203229187294,NA
"85-90%",22,22.2433333333333,NA,0.104506255864347,NA
"85-90%",23,23.14,NA,0.147040250615732,NA
"85-90%",24,24.0366666666667,NA,0.19941056709898,NA
"85-90%",25,25.0233333333333,NA,0.259474247938609,NA
"85-90%",26,26.0466666666667,NA,0.322683788934784,NA
"85-90%",27,26.8766666666667,NA,0.408582517490835,NA
"85-90%",28,27.9266666666667,NA,0.488825246635993,NA
"85-90%",29,28.95,NA,0.583497826791161,NA
"85-90%",30,29.9433333333333,NA,0.704146934109544,NA
"85-90%",31,30.97,NA,0.838085596641764,NA
"85-90%",32,32,NA,1,NA
"90-95%",1,30.9466666666667,NA,0.791795890371753,NA
"90-95%",2,29.9233333333333,NA,0.636392706919479,NA
"90-95%",3,28.98,NA,0.516780341385079,NA
"90-95%",4,27.9266666666667,NA,0.424016431050222,NA
"90-95%",5,27.0033333333333,NA,0.328826764979389,NA
"90-95%",6,26.0466666666667,NA,0.273879146132241,NA
"90-95%",7,25.0666666666667,NA,0.218249959641318,NA
"90-95%",8,24.0366666666667,NA,0.170687229510625,NA
"90-95%",9,23.2333333333333,NA,0.1280560881539,NA
"90-95%",10,22.29,NA,0.0866490417368842,NA
"90-95%",11,21.3466666666667,NA,0.06079940917134,NA
"90-95%",12,20.4566666666667,NA,0.0344597030869088,NA
"90-95%",13,19.74,NA,0.0139424893322106,NA
"90-95%",14,19.0266666666667,NA,-0.00185658246990028,NA
"90-95%",15,18.44,NA,-0.0064057267539158,NA
"90-95%",16,18.1,NA,-0.00785344952796366,NA
"90-95%",17,18.3433333333333,NA,-0.00670759297283634,NA
"90-95%",18,19.0033333333333,NA,0.00127893659708439,NA
"90-95%",19,19.73,NA,0.0132700200981639,NA
"90-95%",20,20.4766666666667,NA,0.0312909125247799,NA
"90-95%",21,21.36,NA,0.0611361326232251,NA
"90-95%",22,22.25,NA,0.0864742565099118,NA
"90-95%",23,23.22,NA,0.123208821376141,NA
"90-95%",24,24.0766666666667,NA,0.177810848440871,NA
"90-95%",25,25.1233333333333,NA,0.21770922478822,NA
"90-95%",26,25.9533333333333,NA,0.284618288081708,NA
"90-95%",27,27.0033333333333,NA,0.340506584369148,NA
"90-95%",28,27.9,NA,0.421004521200418,NA
"90-95%",29,29.0266666666667,NA,0.515615106364885,NA
"90-95%",30,29.9633333333333,NA,0.634147670150913,NA
"90-95%",31,30.9466666666667,NA,0.789258051344268,NA
"90-95%",32,32,NA,1,NA
"95-100%",1,30.2033333333333,NA,0.67132920496534,NA
"95-100%",2,29.3066666666667,NA,0.488287473269164,NA
"95-100%",3,28.37,NA,0.377225205451982,NA
"95-100%",4,27.3133333333333,NA,0.315287937831695,NA
"95-100%",5,26.4766666666667,NA,0.244429027329528,NA
"95-100%",6,25.5966666666667,NA,0.185110672725948,NA
"95-100%",7,24.6833333333333,NA,0.163324844736612,NA
"95-100%",8,23.77,NA,0.120209880778805,NA
"95-100%",9,22.95,NA,0.0855308012586655,NA
"95-100%",10,22.2766666666667,NA,0.0543911169290807,NA
"95-100%",11,21.24,NA,0.0376633364652074,NA
"95-100%",12,20.33,NA,0.0285814045897996,NA
"95-100%",13,19.7133333333333,NA,0.0100471905300779,NA
"95-100%",14,18.92,NA,0.00232735671680165,NA
"95-100%",15,18.99,NA,-0.00591927904001185,NA
"95-100%",16,18.5666666666667,NA,-0.00719767911460788,NA
"95-100%",17,19.21,NA,-0.00476755855771828,NA
"95-100%",18,19.23,NA,0.000407323529917781,NA
"95-100%",19,19.7466666666667,NA,0.0155228755958154,NA
"95-100%",20,20.5533333333333,NA,0.0178072026452392,NA
"95-100%",21,21.12,NA,0.0381455823400646,NA
"95-100%",22,22.1433333333333,NA,0.0695044654996729,NA
"95-100%",23,22.9133333333333,NA,0.0848477763532051,NA
"95-100%",24,23.7633333333333,NA,0.120999023571057,NA
"95-100%",25,24.5933333333333,NA,0.163324844736612,NA
"95-100%",26,25.6766666666667,NA,0.182033800841312,NA
"95-100%",27,26.5266666666667,NA,0.244429027329528,NA
"95-100%",28,27.4166666666667,NA,0.303307650018492,NA
"95-100%",29,28.32,NA,0.375685507334076,NA
"95-100%",30,29.2833333333333,NA,0.48646212301873,NA
"95-100%",31,30.1633333333333,NA,0.67132920496534,NA
"95-100%",32,32,NA,1,NA
