"bin","k","cor_mast_cherries"
"05-10%",1,0.465251692788133
"05-10%",2,0.500519655112514
"05-10%",3,0.750664181933175
"05-10%",4,0.855129293643116
"05-10%",5,0.925481615076407
"05-10%",6,0.881393085511269
"05-10%",7,0.620214334335922
"05-10%",8,0.801040314181055
"05-10%",9,0.74146630649645
"05-10%",10,0.740921147889485
"05-10%",11,0.708368657394422
"05-10%",12,0.798493084782941
"05-10%",13,0.436829619890358
"05-10%",14,0.513203347896389
"05-10%",15,-0.110495315245727
"05-10%",16,0.226902144858436
"05-10%",17,0.392497750544758
"05-10%",18,0.480913337934267
"05-10%",19,0.719687012861579
"05-10%",20,0.637265161966866
"05-10%",21,0.718272379654596
"05-10%",22,0.568644349405516
"05-10%",23,0.589323299878397
"05-10%",24,0.735004991424533
"05-10%",25,0.799610739934286
"05-10%",26,0.730787586471348
"05-10%",27,0.708445753846511
"05-10%",28,0.630803537949545
"05-10%",29,0.79946510137273
"05-10%",30,0.24796027295787
"05-10%",31,0.593913055612173
"05-10%",32,NA
"10-15%",1,0.207543458913539
"10-15%",2,-0.342718044553116
"10-15%",3,0.407742812003551
"10-15%",4,0.102984698461677
"10-15%",5,0.288367407621106
"10-15%",6,0.173930791784097
"10-15%",7,0.046879869576456
"10-15%",8,0.114130493139984
"10-15%",9,0.220907798118529
"10-15%",10,0.489489780348456
"10-15%",11,-0.0145911925881717
"10-15%",12,0.304330002737429
"10-15%",13,0.360357001977423
"10-15%",14,-0.0218845490051365
"10-15%",15,0.0993593432644261
"10-15%",16,0.595895322889783
"10-15%",17,0.0982600435828245
"10-15%",18,-0.0178746361973586
"10-15%",19,0.279336577086848
"10-15%",20,0.335879373204862
"10-15%",21,0.0636052373770592
"10-15%",22,-0.0105030660299117
"10-15%",23,-0.121139562253576
"10-15%",24,-0.0790301664809422
"10-15%",25,0.290138757406881
"10-15%",26,0.489014630144485
"10-15%",27,0.170034494048609
"10-15%",28,0.084340268190149
"10-15%",29,0.404404171171404
"10-15%",30,-0.0404378159815847
"10-15%",31,-0.0578055511882932
"10-15%",32,NA
"15-20%",1,0.670342320321738
"15-20%",2,0.552644232816307
"15-20%",3,0.261070133265935
"15-20%",4,0.560121111552001
"15-20%",5,0.71641920655184
"15-20%",6,0.664476631374235
"15-20%",7,0.75649668694933
"15-20%",8,0.787025521105167
"15-20%",9,0.717766736034623
"15-20%",10,0.704595963981741
"15-20%",11,0.643947180477396
"15-20%",12,0.412236540982707
"15-20%",13,0.548267810756814
"15-20%",14,0.000684056713653761
"15-20%",15,0.0393755784184439
"15-20%",16,0.221559295297333
"15-20%",17,0.513869420625174
"15-20%",18,0.695138133337913
"15-20%",19,0.553027917362642
"15-20%",20,0.771268232998607
"15-20%",21,0.747971710967094
"15-20%",22,0.608908110993803
"15-20%",23,0.820146294948097
"15-20%",24,0.686126641557037
"15-20%",25,0.658822959131185
"15-20%",26,0.701449837944176
"15-20%",27,0.681692338273964
"15-20%",28,0.753050697848668
"15-20%",29,0.355656449213158
"15-20%",30,0.662767651713407
"15-20%",31,0.551348809653171
"15-20%",32,NA
"20-25%",1,0.164430733754877
"20-25%",2,0.309647420534975
"20-25%",3,0.322013677066671
"20-25%",4,0.469397576184518
"20-25%",5,-0.322942728389522
"20-25%",6,0.415673023568061
"20-25%",7,0.0511275184709433
"20-25%",8,0.490601435573134
"20-25%",9,0.425647704882847
"20-25%",10,0.246667063364275
"20-25%",11,0.462290422986977
"20-25%",12,0.3334686377165
"20-25%",13,0.430633830899177
"20-25%",14,0.200899117866329
"20-25%",15,0.366917167547141
"20-25%",16,0.516351418089615
"20-25%",17,0.366661315072911
"20-25%",18,0.508457314165516
"20-25%",19,0.457462626232124
"20-25%",20,0.493279404806727
"20-25%",21,0.159440347035724
"20-25%",22,-0.159386032868577
"20-25%",23,0.197315518597345
"20-25%",24,0.185091765013474
"20-25%",25,0.104179041110186
"20-25%",26,0.309694926615604
"20-25%",27,0.120477905619693
"20-25%",28,0.291021623488557
"20-25%",29,0.14088136217989
"20-25%",30,0.311981989560096
"20-25%",31,0.433942606640792
"20-25%",32,NA
"25-30%",1,0.325644061409502
"25-30%",2,0.283472912806588
"25-30%",3,0.151482246537311
"25-30%",4,0.118255917877226
"25-30%",5,-0.0142194528668844
"25-30%",6,0.385697373608668
"25-30%",7,0.229879609205731
"25-30%",8,0.487242905841972
"25-30%",9,-0.0236026107608073
"25-30%",10,0.607876303275657
"25-30%",11,0.651007364038633
"25-30%",12,0.334202204163101
"25-30%",13,0.176447269509795
"25-30%",14,0.522617869432416
"25-30%",15,0.285282210996475
"25-30%",16,0.314485323703955
"25-30%",17,0.549040623728585
"25-30%",18,0.625342941978549
"25-30%",19,0.391073210796042
"25-30%",20,0.478997013361396
"25-30%",21,0.0559243327137142
"25-30%",22,0.367668074283512
"25-30%",23,-0.0417025221833464
"25-30%",24,0.362181948475586
"25-30%",25,-0.115311380553283
"25-30%",26,0.339344406784627
"25-30%",27,0.164864260482745
"25-30%",28,0.239054262569048
"25-30%",29,0.190698579314593
"25-30%",30,0.236796959256725
"25-30%",31,0.45833769392797
"25-30%",32,NA
"30-35%",1,0.266708970787469
"30-35%",2,0.464733470961764
"30-35%",3,0.229998905902627
"30-35%",4,-0.0215703342041961
"30-35%",5,-0.15074678037155
"30-35%",6,0.315808896266576
"30-35%",7,0.135737803197528
"30-35%",8,0.251396811430455
"30-35%",9,0.254653472307423
"30-35%",10,0.351316005010155
"30-35%",11,0.396171310909999
"30-35%",12,0.571733069742825
"30-35%",13,0.749899180785934
"30-35%",14,0.559843469590691
"30-35%",15,0.384570859868878
"30-35%",16,0.503657700520401
"30-35%",17,0.269375490532636
"30-35%",18,0.385541911002473
"30-35%",19,0.236700396081542
"30-35%",20,0.464183097820521
"30-35%",21,0.424045805691271
"30-35%",22,0.544955808888474
"30-35%",23,0.299202069790447
"30-35%",24,0.405287563473194
"30-35%",25,0.193964253954745
"30-35%",26,0.405414693481054
"30-35%",27,-0.0580692342473562
"30-35%",28,0.185128895603824
"30-35%",29,0.176707176281657
"30-35%",30,-0.239775526422657
"30-35%",31,0.194548110965301
"30-35%",32,NA
"35-40%",1,0.172310683379251
"35-40%",2,0.289480072514834
"35-40%",3,-0.0511257308390081
"35-40%",4,0.479800374197572
"35-40%",5,0.175363496805243
"35-40%",6,0.574917899530211
"35-40%",7,0.518834443531011
"35-40%",8,0.391495079167641
"35-40%",9,0.493418964499943
"35-40%",10,0.305781801276155
"35-40%",11,0.416661666436656
"35-40%",12,0.563674924542818
"35-40%",13,0.587564218476563
"35-40%",14,0.22260393218812
"35-40%",15,0.303102895606859
"35-40%",16,0.651863421003376
"35-40%",17,0.449352798401458
"35-40%",18,0.43356817353378
"35-40%",19,0.358143277219009
"35-40%",20,0.705584132315277
"35-40%",21,0.707874696044698
"35-40%",22,0.538409296395501
"35-40%",23,0.606783169009642
"35-40%",24,0.679508469402925
"35-40%",25,-0.187605949109099
"35-40%",26,0.435744128796584
"35-40%",27,0.263643368059917
"35-40%",28,0.328899798204672
"35-40%",29,0.0333150188842116
"35-40%",30,0.40487157233224
"35-40%",31,0.434725056339116
"35-40%",32,NA
"40-45%",1,0.258813055664879
"40-45%",2,0.346636652235972
"40-45%",3,0.227101592127288
"40-45%",4,0.278596486721905
"40-45%",5,0.415763232017085
"40-45%",6,0.147779788560068
"40-45%",7,0.554018554887468
"40-45%",8,0.553530692024794
"40-45%",9,0.629176895105734
"40-45%",10,0.290593285568538
"40-45%",11,0.583936420948305
"40-45%",12,0.365974033259444
"40-45%",13,0.0894704466880336
"40-45%",14,0.633058974985104
"40-45%",15,0.38690447439876
"40-45%",16,0.565165148557151
"40-45%",17,0.620216190954075
"40-45%",18,0.441735230154376
"40-45%",19,0.573440139965632
"40-45%",20,0.577901741891937
"40-45%",21,0.299912690143311
"40-45%",22,0.632915039268412
"40-45%",23,0.573512209736557
"40-45%",24,0.267388708505987
"40-45%",25,0.359938989547969
"40-45%",26,0.302391737163815
"40-45%",27,0.68612536138921
"40-45%",28,0.16636040740216
"40-45%",29,0.47932109478704
"40-45%",30,0.334723875905113
"40-45%",31,0.337093092374667
"40-45%",32,NA
"45-50%",1,0.922316221383513
"45-50%",2,0.061695936247908
"45-50%",3,0.825692865637962
"45-50%",4,0.508323673940706
"45-50%",5,0.869742053956937
"45-50%",6,0.755746482981385
"45-50%",7,0.94581813368682
"45-50%",8,0.446955696316197
"45-50%",9,0.693454014301363
"45-50%",10,0.693659017652736
"45-50%",11,0.773205618770126
"45-50%",12,0.786211467128519
"45-50%",13,0.83533292349358
"45-50%",14,0.700268594305006
"45-50%",15,0.64192934927436
"45-50%",16,0.72000989356124
"45-50%",17,0.860082302081733
"45-50%",18,0.745853487990265
"45-50%",19,0.717723665922302
"45-50%",20,0.677537389166745
"45-50%",21,0.806167554864981
"45-50%",22,0.795611135147392
"45-50%",23,0.714647530368714
"45-50%",24,0.61353196212863
"45-50%",25,0.724236228389615
"45-50%",26,0.554466921729562
"45-50%",27,0.928232106903479
"45-50%",28,0.60460385329622
"45-50%",29,0.877450711150141
"45-50%",30,0.30997163197306
"45-50%",31,0.963093417036303
"45-50%",32,NA
"50-55%",1,0.878300483499692
"50-55%",2,0.229958603932804
"50-55%",3,0.567717299358278
"50-55%",4,0.298581286166106
"50-55%",5,0.70195464843809
"50-55%",6,0.307401208060451
"50-55%",7,0.691708730242692
"50-55%",8,0.652725812479792
"50-55%",9,0.756422355012186
"50-55%",10,0.720287632381194
"50-55%",11,0.740563728265916
"50-55%",12,0.795262031736514
"50-55%",13,0.740719194615018
"50-55%",14,0.850102083234238
"50-55%",15,0.674780250210064
"50-55%",16,0.788625637740088
"50-55%",17,0.850427580220443
"50-55%",18,0.810496455019909
"50-55%",19,0.72693129253753
"50-55%",20,0.76824377394318
"50-55%",21,0.681858927824157
"50-55%",22,0.691955764941122
"50-55%",23,0.839925640995089
"50-55%",24,0.586194388250705
"50-55%",25,0.801006033580127
"50-55%",26,0.522817272812706
"50-55%",27,0.394535083860175
"50-55%",28,0.571420709800943
"50-55%",29,0.54825873888132
"50-55%",30,0.0684515153518837
"50-55%",31,0.877604413774679
"50-55%",32,NA
"55-60%",1,0.398333048432881
"55-60%",2,0.818313248902042
"55-60%",3,0.244393057399467
"55-60%",4,0.486379067114899
"55-60%",5,0.648544104909011
"55-60%",6,0.706628104333043
"55-60%",7,0.612285894147222
"55-60%",8,0.934938875565043
"55-60%",9,0.732411101719825
"55-60%",10,0.919025451907515
"55-60%",11,0.91398574401918
"55-60%",12,0.767858324450345
"55-60%",13,0.895477266495404
"55-60%",14,0.892505721269292
"55-60%",15,0.905218892411792
"55-60%",16,0.858088447549566
"55-60%",17,0.809893170536815
"55-60%",18,0.883600814303961
"55-60%",19,0.889562347096554
"55-60%",20,0.892005967094689
"55-60%",21,0.875214224348103
"55-60%",22,0.837056819165679
"55-60%",23,0.896807981923026
"55-60%",24,0.814196959151708
"55-60%",25,0.713360050358799
"55-60%",26,0.606779608340806
"55-60%",27,0.685450869999466
"55-60%",28,0.722628340306006
"55-60%",29,0.458296469766633
"55-60%",30,0.849393270825754
"55-60%",31,0.519629981642201
"55-60%",32,NA
"60-65%",1,0.134754470310679
"60-65%",2,0.317491059078785
"60-65%",3,-0.0841711065257996
"60-65%",4,0.78608099196401
"60-65%",5,0.328155878498654
"60-65%",6,0.792631074257909
"60-65%",7,0.374193683732576
"60-65%",8,0.664844021886946
"60-65%",9,0.370845820410134
"60-65%",10,0.773984895176395
"60-65%",11,0.843295505946949
"60-65%",12,0.738516557241863
"60-65%",13,0.772193463188952
"60-65%",14,0.876634408456092
"60-65%",15,0.955879817857428
"60-65%",16,0.859127638715169
"60-65%",17,0.893389959542566
"60-65%",18,0.851011724939614
"60-65%",19,0.846839685945799
"60-65%",20,0.813725285165427
"60-65%",21,0.838991799758351
"60-65%",22,0.692554034171462
"60-65%",23,0.572061560883438
"60-65%",24,0.81144633007384
"60-65%",25,0.188568708063967
"60-65%",26,0.660231101699708
"60-65%",27,-0.0810220420871039
"60-65%",28,0.803362244819718
"60-65%",29,-0.00670274737187678
"60-65%",30,0.311299730136696
"60-65%",31,0.104301618702176
"60-65%",32,NA
"65-70%",1,0.346403224508758
"65-70%",2,0.190248956473958
"65-70%",3,0.300735899259556
"65-70%",4,0.363049016508409
"65-70%",5,0.614380099336048
"65-70%",6,0.431837926359488
"65-70%",7,0.653601704916168
"65-70%",8,0.471756527647574
"65-70%",9,0.80797250410693
"65-70%",10,0.845548732217148
"65-70%",11,0.775992418234725
"65-70%",12,0.753266021431145
"65-70%",13,0.78127531616273
"65-70%",14,0.845072502016243
"65-70%",15,0.788025577756366
"65-70%",16,0.788619027478372
"65-70%",17,0.85329417061914
"65-70%",18,0.891992119267584
"65-70%",19,0.864534003394421
"65-70%",20,0.859919702115991
"65-70%",21,0.71859100333846
"65-70%",22,0.719287973319225
"65-70%",23,0.67223070345563
"65-70%",24,0.769610039317288
"65-70%",25,0.236499380565182
"65-70%",26,0.358970169669907
"65-70%",27,0.734578207881978
"65-70%",28,0.210376231804744
"65-70%",29,0.162158440505959
"65-70%",30,0.64658151677886
"65-70%",31,0.4794011306311
"65-70%",32,NA
"70-75%",1,0.270355985693766
"70-75%",2,0.286673923838777
"70-75%",3,0.392086392262194
"70-75%",4,0.505496568847223
"70-75%",5,0.254164155615261
"70-75%",6,0.397269297664776
"70-75%",7,0.610149368311653
"70-75%",8,0.649285166067928
"70-75%",9,0.646663775610893
"70-75%",10,0.136174352992801
"70-75%",11,0.763919850045134
"70-75%",12,0.68364611331141
"70-75%",13,0.804909876933173
"70-75%",14,0.856479485588125
"70-75%",15,0.844586829316263
"70-75%",16,0.800396593796552
"70-75%",17,0.879595731041319
"70-75%",18,0.770162095227657
"70-75%",19,0.83177171893618
"70-75%",20,0.658861123857486
"70-75%",21,0.627926414969411
"70-75%",22,0.628356975024698
"70-75%",23,0.80970428901744
"70-75%",24,0.109339399041425
"70-75%",25,0.425684088014711
"70-75%",26,0.1622191806411
"70-75%",27,0.241619019263564
"70-75%",28,0.00597849058593297
"70-75%",29,0.308915408714038
"70-75%",30,0.585424617016152
"70-75%",31,0.295166111076883
"70-75%",32,NA
"75-80%",1,0.178626378332393
"75-80%",2,0.334718907579054
"75-80%",3,0.24092842036592
"75-80%",4,0.329800082702272
"75-80%",5,0.105222751674719
"75-80%",6,0.242430237062309
"75-80%",7,0.362595709250674
"75-80%",8,0.696760191707937
"75-80%",9,0.362469978159012
"75-80%",10,0.477144594301338
"75-80%",11,0.781789986083038
"75-80%",12,0.717111851747766
"75-80%",13,0.812565205354483
"75-80%",14,0.791055734941617
"75-80%",15,0.79836895921098
"75-80%",16,0.814671614391047
"75-80%",17,0.778595286896404
"75-80%",18,0.790907797057338
"75-80%",19,0.76234984270548
"75-80%",20,0.876601638804496
"75-80%",21,0.781316982541613
"75-80%",22,0.534662465472489
"75-80%",23,0.53988376400582
"75-80%",24,0.386942610903144
"75-80%",25,0.381910471341968
"75-80%",26,0.400307470385105
"75-80%",27,0.470420635670403
"75-80%",28,0.291210757686385
"75-80%",29,0.395004813255476
"75-80%",30,0.259677061544868
"75-80%",31,0.254786963641241
"75-80%",32,NA
"80-85%",1,0.142518947381696
"80-85%",2,0.369974756038162
"80-85%",3,0.484085250553959
"80-85%",4,0.432021023097983
"80-85%",5,0.647952241377615
"80-85%",6,0.715259423782531
"80-85%",7,0.565756221026001
"80-85%",8,0.297269117349668
"80-85%",9,0.708809671383765
"80-85%",10,0.730792318794175
"80-85%",11,0.822479395103881
"80-85%",12,0.81910135617998
"80-85%",13,0.701923094221177
"80-85%",14,0.886662029209107
"80-85%",15,0.776396880690314
"80-85%",16,0.865179549355459
"80-85%",17,0.882324580223758
"80-85%",18,0.821007068744511
"80-85%",19,0.835219808473679
"80-85%",20,0.830125488715981
"80-85%",21,0.760005692324315
"80-85%",22,0.884453702705933
"80-85%",23,0.764080275654814
"80-85%",24,0.762395543526057
"80-85%",25,0.619091004384467
"80-85%",26,0.324796798119533
"80-85%",27,0.580831556627019
"80-85%",28,0.668347063675412
"80-85%",29,0.393379791886509
"80-85%",30,0.49744156795329
"80-85%",31,0.366329096421617
"80-85%",32,NA
"85-90%",1,0.240074356630891
"85-90%",2,-0.21988058922136
"85-90%",3,0.717260641286369
"85-90%",4,0.549106321422962
"85-90%",5,0.671947605242526
"85-90%",6,0.656557858810419
"85-90%",7,0.665913789555801
"85-90%",8,0.781463437422777
"85-90%",9,0.669021600213106
"85-90%",10,0.720641589128733
"85-90%",11,0.869477806258089
"85-90%",12,0.874441981678951
"85-90%",13,0.776670189555879
"85-90%",14,0.870496909504223
"85-90%",15,0.806067918426506
"85-90%",16,0.595845456786063
"85-90%",17,0.799732722138567
"85-90%",18,0.694796637793439
"85-90%",19,0.841717265241437
"85-90%",20,0.890138052314891
"85-90%",21,0.862100330361477
"85-90%",22,0.847066006818593
"85-90%",23,0.779557967962454
"85-90%",24,0.695429530404927
"85-90%",25,0.729297692719635
"85-90%",26,0.722573786171993
"85-90%",27,0.732089284832875
"85-90%",28,0.55450212364129
"85-90%",29,0.725228234968506
"85-90%",30,0.648492316656102
"85-90%",31,0.231433137522373
"85-90%",32,NA
"90-95%",1,0.576319816680438
"90-95%",2,0.464486293823835
"90-95%",3,0.731844879037299
"90-95%",4,0.7204832240623
"90-95%",5,0.854505977251956
"90-95%",6,0.807556520164427
"90-95%",7,0.697476407169746
"90-95%",8,0.700977828692069
"90-95%",9,0.829715060610265
"90-95%",10,0.797735974428473
"90-95%",11,0.67281874728719
"90-95%",12,0.78886312522502
"90-95%",13,0.776320766486758
"90-95%",14,0.604373573993628
"90-95%",15,-0.064919141770756
"90-95%",16,-0.111638543635894
"90-95%",17,-0.0794440628089386
"90-95%",18,0.464937903138238
"90-95%",19,0.589051913598556
"90-95%",20,0.706792380239938
"90-95%",21,0.644527604108479
"90-95%",22,0.816659933133435
"90-95%",23,0.785902399181918
"90-95%",24,0.784729822698376
"90-95%",25,0.717526030780855
"90-95%",26,0.654179448757665
"90-95%",27,0.802548961293797
"90-95%",28,0.854670879295236
"90-95%",29,0.884996093621658
"90-95%",30,0.789452823274681
"90-95%",31,0.506694115529632
"90-95%",32,NA
"95-100%",1,0.995881136395931
"95-100%",2,0.996412395857407
"95-100%",3,0.986713014413502
"95-100%",4,0.984447749429402
"95-100%",5,0.976057391751391
"95-100%",6,0.963929252826512
"95-100%",7,0.967568430841737
"95-100%",8,0.873106519524389
"95-100%",9,0.842604603325226
"95-100%",10,0.893146154505306
"95-100%",11,0.799980246868873
"95-100%",12,0.894896453078876
"95-100%",13,0.807862867363034
"95-100%",14,0.73806555987569
"95-100%",15,0.83634343097439
"95-100%",16,0.862023903499811
"95-100%",17,0.488888433909795
"95-100%",18,0.806110349709015
"95-100%",19,0.755996799467815
"95-100%",20,0.777241531969155
"95-100%",21,0.855813663003287
"95-100%",22,0.880093460339889
"95-100%",23,0.830185945004795
"95-100%",24,0.887957154695585
"95-100%",25,0.977385226633372
"95-100%",26,0.960254288342219
"95-100%",27,0.98231310380399
"95-100%",28,0.989698173512464
"95-100%",29,0.991721308853934
"95-100%",30,0.995433438617161
"95-100%",31,0.992760544916
"95-100%",32,NA
