"bin","k","rep","mast"
"0-10%",1,1,31
"0-10%",1,2,31
"0-10%",1,3,31
"0-10%",1,4,31
"0-10%",1,5,31
"0-10%",1,6,31
"0-10%",1,7,30
"0-10%",1,8,31
"0-10%",1,9,31
"0-10%",1,10,31
"0-10%",1,11,30
"0-10%",1,12,31
"0-10%",1,13,31
"0-10%",1,14,31
"0-10%",1,15,31
"0-10%",2,1,30
"0-10%",2,2,30
"0-10%",2,3,30
"0-10%",2,4,30
"0-10%",2,5,30
"0-10%",2,6,30
"0-10%",2,7,30
"0-10%",2,8,30
"0-10%",2,9,30
"0-10%",2,10,30
"0-10%",2,11,30
"0-10%",2,12,30
"0-10%",2,13,30
"0-10%",2,14,30
"0-10%",2,15,30
"0-10%",3,1,29
"0-10%",3,2,29
"0-10%",3,3,29
"0-10%",3,4,29
"0-10%",3,5,29
"0-10%",3,6,29
"0-10%",3,7,29
"0-10%",3,8,29
"0-10%",3,9,29
"0-10%",3,10,29
"0-10%",3,11,28
"0-10%",3,12,29
"0-10%",3,13,30
"0-10%",3,14,29
"0-10%",3,15,29
"0-10%",4,1,28
"0-10%",4,2,28
"0-10%",4,3,27
"0-10%",4,4,28
"0-10%",4,5,28
"0-10%",4,6,28
"0-10%",4,7,28
"0-10%",4,8,28
"0-10%",4,9,28
"0-10%",4,10,27
"0-10%",4,11,28
"0-10%",4,12,28
"0-10%",4,13,28
"0-10%",4,14,28
"0-10%",4,15,27
"0-10%",5,1,27
"0-10%",5,2,27
"0-10%",5,3,27
"0-10%",5,4,27
"0-10%",5,5,27
"0-10%",5,6,27
"0-10%",5,7,27
"0-10%",5,8,27
"0-10%",5,9,27
"0-10%",5,10,27
"0-10%",5,11,26
"0-10%",5,12,27
"0-10%",5,13,27
"0-10%",5,14,26
"0-10%",5,15,27
"0-10%",6,1,26
"0-10%",6,2,25
"0-10%",6,3,26
"0-10%",6,4,26
"0-10%",6,5,26
"0-10%",6,6,26
"0-10%",6,7,26
"0-10%",6,8,26
"0-10%",6,9,27
"0-10%",6,10,26
"0-10%",6,11,26
"0-10%",6,12,25
"0-10%",6,13,26
"0-10%",6,14,27
"0-10%",6,15,26
"0-10%",7,1,25
"0-10%",7,2,25
"0-10%",7,3,24
"0-10%",7,4,25
"0-10%",7,5,25
"0-10%",7,6,25
"0-10%",7,7,27
"0-10%",7,8,25
"0-10%",7,9,25
"0-10%",7,10,25
"0-10%",7,11,25
"0-10%",7,12,24
"0-10%",7,13,24
"0-10%",7,14,28
"0-10%",7,15,24
"0-10%",8,1,25
"0-10%",8,2,24
"0-10%",8,3,23
"0-10%",8,4,24
"0-10%",8,5,23
"0-10%",8,6,25
"0-10%",8,7,24
"0-10%",8,8,24
"0-10%",8,9,24
"0-10%",8,10,24
"0-10%",8,11,23
"0-10%",8,12,24
"0-10%",8,13,24
"0-10%",8,14,24
"0-10%",8,15,26
"0-10%",9,1,23
"0-10%",9,2,24
"0-10%",9,3,22
"0-10%",9,4,23
"0-10%",9,5,24
"0-10%",9,6,23
"0-10%",9,7,23
"0-10%",9,8,24
"0-10%",9,9,22
"0-10%",9,10,22
"0-10%",9,11,23
"0-10%",9,12,23
"0-10%",9,13,24
"0-10%",9,14,22
"0-10%",9,15,22
"0-10%",10,1,23
"0-10%",10,2,23
"0-10%",10,3,22
"0-10%",10,4,22
"0-10%",10,5,22
"0-10%",10,6,21
"0-10%",10,7,25
"0-10%",10,8,22
"0-10%",10,9,21
"0-10%",10,10,22
"0-10%",10,11,22
"0-10%",10,12,21
"0-10%",10,13,21
"0-10%",10,14,21
"0-10%",10,15,23
"0-10%",11,1,21
"0-10%",11,2,21
"0-10%",11,3,21
"0-10%",11,4,21
"0-10%",11,5,21
"0-10%",11,6,20
"0-10%",11,7,24
"0-10%",11,8,20
"0-10%",11,9,21
"0-10%",11,10,20
"0-10%",11,11,20
"0-10%",11,12,20
"0-10%",11,13,21
"0-10%",11,14,20
"0-10%",11,15,21
"0-10%",12,1,20
"0-10%",12,2,21
"0-10%",12,3,22
"0-10%",12,4,20
"0-10%",12,5,22
"0-10%",12,6,19
"0-10%",12,7,19
"0-10%",12,8,19
"0-10%",12,9,19
"0-10%",12,10,19
"0-10%",12,11,20
"0-10%",12,12,19
"0-10%",12,13,20
"0-10%",12,14,20
"0-10%",12,15,19
"0-10%",13,1,19
"0-10%",13,2,18
"0-10%",13,3,20
"0-10%",13,4,19
"0-10%",13,5,18
"0-10%",13,6,18
"0-10%",13,7,20
"0-10%",13,8,19
"0-10%",13,9,21
"0-10%",13,10,18
"0-10%",13,11,22
"0-10%",13,12,18
"0-10%",13,13,20
"0-10%",13,14,19
"0-10%",13,15,20
"0-10%",14,1,17
"0-10%",14,2,17
"0-10%",14,3,17
"0-10%",14,4,19
"0-10%",14,5,18
"0-10%",14,6,18
"0-10%",14,7,18
"0-10%",14,8,17
"0-10%",14,9,19
"0-10%",14,10,18
"0-10%",14,11,19
"0-10%",14,12,16
"0-10%",14,13,19
"0-10%",14,14,20
"0-10%",14,15,19
"0-10%",15,1,16
"0-10%",15,2,19
"0-10%",15,3,19
"0-10%",15,4,16
"0-10%",15,5,20
"0-10%",15,6,18
"0-10%",15,7,17
"0-10%",15,8,16
"0-10%",15,9,16
"0-10%",15,10,19
"0-10%",15,11,17
"0-10%",15,12,18
"0-10%",15,13,19
"0-10%",15,14,17
"0-10%",15,15,17
"0-10%",16,1,16
"0-10%",16,2,16
"0-10%",16,3,16
"0-10%",16,4,19
"0-10%",16,5,21
"0-10%",16,6,15
"0-10%",16,7,22
"0-10%",16,8,18
"0-10%",16,9,16
"0-10%",16,10,20
"0-10%",16,11,17
"0-10%",16,12,17
"0-10%",16,13,18
"0-10%",16,14,22
"0-10%",16,15,17
"0-10%",17,1,17
"0-10%",17,2,17
"0-10%",17,3,18
"0-10%",17,4,20
"0-10%",17,5,17
"0-10%",17,6,18
"0-10%",17,7,21
"0-10%",17,8,21
"0-10%",17,9,19
"0-10%",17,10,19
"0-10%",17,11,21
"0-10%",17,12,20
"0-10%",17,13,18
"0-10%",17,14,18
"0-10%",17,15,20
"0-10%",18,1,17
"0-10%",18,2,20
"0-10%",18,3,18
"0-10%",18,4,18
"0-10%",18,5,17
"0-10%",18,6,18
"0-10%",18,7,18
"0-10%",18,8,19
"0-10%",18,9,21
"0-10%",18,10,19
"0-10%",18,11,16
"0-10%",18,12,19
"0-10%",18,13,18
"0-10%",18,14,23
"0-10%",18,15,20
"0-10%",19,1,19
"0-10%",19,2,19
"0-10%",19,3,18
"0-10%",19,4,18
"0-10%",19,5,18
"0-10%",19,6,18
"0-10%",19,7,18
"0-10%",19,8,21
"0-10%",19,9,19
"0-10%",19,10,20
"0-10%",19,11,20
"0-10%",19,12,19
"0-10%",19,13,20
"0-10%",19,14,19
"0-10%",19,15,20
"0-10%",20,1,21
"0-10%",20,2,19
"0-10%",20,3,20
"0-10%",20,4,20
"0-10%",20,5,20
"0-10%",20,6,19
"0-10%",20,7,19
"0-10%",20,8,19
"0-10%",20,9,19
"0-10%",20,10,22
"0-10%",20,11,21
"0-10%",20,12,21
"0-10%",20,13,22
"0-10%",20,14,21
"0-10%",20,15,22
"0-10%",21,1,21
"0-10%",21,2,20
"0-10%",21,3,21
"0-10%",21,4,22
"0-10%",21,5,21
"0-10%",21,6,20
"0-10%",21,7,20
"0-10%",21,8,21
"0-10%",21,9,24
"0-10%",21,10,21
"0-10%",21,11,21
"0-10%",21,12,20
"0-10%",21,13,21
"0-10%",21,14,21
"0-10%",21,15,20
"0-10%",22,1,22
"0-10%",22,2,22
"0-10%",22,3,22
"0-10%",22,4,21
"0-10%",22,5,21
"0-10%",22,6,21
"0-10%",22,7,21
"0-10%",22,8,24
"0-10%",22,9,22
"0-10%",22,10,21
"0-10%",22,11,21
"0-10%",22,12,21
"0-10%",22,13,21
"0-10%",22,14,22
"0-10%",22,15,21
"0-10%",23,1,22
"0-10%",23,2,23
"0-10%",23,3,24
"0-10%",23,4,22
"0-10%",23,5,23
"0-10%",23,6,24
"0-10%",23,7,23
"0-10%",23,8,23
"0-10%",23,9,23
"0-10%",23,10,23
"0-10%",23,11,22
"0-10%",23,12,22
"0-10%",23,13,23
"0-10%",23,14,22
"0-10%",23,15,23
"0-10%",24,1,23
"0-10%",24,2,24
"0-10%",24,3,23
"0-10%",24,4,24
"0-10%",24,5,23
"0-10%",24,6,24
"0-10%",24,7,24
"0-10%",24,8,24
"0-10%",24,9,24
"0-10%",24,10,24
"0-10%",24,11,24
"0-10%",24,12,25
"0-10%",24,13,24
"0-10%",24,14,23
"0-10%",24,15,23
"0-10%",25,1,26
"0-10%",25,2,24
"0-10%",25,3,25
"0-10%",25,4,26
"0-10%",25,5,25
"0-10%",25,6,25
"0-10%",25,7,25
"0-10%",25,8,25
"0-10%",25,9,24
"0-10%",25,10,24
"0-10%",25,11,24
"0-10%",25,12,25
"0-10%",25,13,24
"0-10%",25,14,24
"0-10%",25,15,25
"0-10%",26,1,25
"0-10%",26,2,26
"0-10%",26,3,25
"0-10%",26,4,25
"0-10%",26,5,26
"0-10%",26,6,25
"0-10%",26,7,25
"0-10%",26,8,28
"0-10%",26,9,25
"0-10%",26,10,27
"0-10%",26,11,26
"0-10%",26,12,27
"0-10%",26,13,26
"0-10%",26,14,26
"0-10%",26,15,26
"0-10%",27,1,26
"0-10%",27,2,27
"0-10%",27,3,26
"0-10%",27,4,28
"0-10%",27,5,27
"0-10%",27,6,27
"0-10%",27,7,27
"0-10%",27,8,27
"0-10%",27,9,27
"0-10%",27,10,27
"0-10%",27,11,26
"0-10%",27,12,26
"0-10%",27,13,27
"0-10%",27,14,27
"0-10%",27,15,27
"0-10%",28,1,28
"0-10%",28,2,28
"0-10%",28,3,28
"0-10%",28,4,28
"0-10%",28,5,28
"0-10%",28,6,27
"0-10%",28,7,29
"0-10%",28,8,29
"0-10%",28,9,28
"0-10%",28,10,28
"0-10%",28,11,28
"0-10%",28,12,27
"0-10%",28,13,28
"0-10%",28,14,28
"0-10%",28,15,28
"0-10%",29,1,29
"0-10%",29,2,28
"0-10%",29,3,29
"0-10%",29,4,29
"0-10%",29,5,29
"0-10%",29,6,29
"0-10%",29,7,29
"0-10%",29,8,29
"0-10%",29,9,29
"0-10%",29,10,29
"0-10%",29,11,29
"0-10%",29,12,29
"0-10%",29,13,28
"0-10%",29,14,29
"0-10%",29,15,28
"0-10%",30,1,30
"0-10%",30,2,30
"0-10%",30,3,29
"0-10%",30,4,30
"0-10%",30,5,30
"0-10%",30,6,29
"0-10%",30,7,30
"0-10%",30,8,30
"0-10%",30,9,30
"0-10%",30,10,30
"0-10%",30,11,30
"0-10%",30,12,30
"0-10%",30,13,30
"0-10%",30,14,29
"0-10%",30,15,30
"0-10%",31,1,31
"0-10%",31,2,31
"0-10%",31,3,31
"0-10%",31,4,31
"0-10%",31,5,31
"0-10%",31,6,30
"0-10%",31,7,31
"0-10%",31,8,31
"0-10%",31,9,31
"0-10%",31,10,31
"0-10%",31,11,31
"0-10%",31,12,31
"0-10%",31,13,31
"0-10%",31,14,31
"0-10%",31,15,31
"0-10%",32,1,32
"0-10%",32,2,32
"0-10%",32,3,32
"0-10%",32,4,32
"0-10%",32,5,32
"0-10%",32,6,32
"0-10%",32,7,32
"0-10%",32,8,32
"0-10%",32,9,32
"0-10%",32,10,32
"0-10%",32,11,32
"0-10%",32,12,32
"0-10%",32,13,32
"0-10%",32,14,32
"0-10%",32,15,32
"10-20%",1,1,30
"10-20%",1,2,31
"10-20%",1,3,30
"10-20%",1,4,31
"10-20%",1,5,31
"10-20%",1,6,31
"10-20%",1,7,31
"10-20%",1,8,31
"10-20%",1,9,31
"10-20%",1,10,31
"10-20%",1,11,31
"10-20%",1,12,31
"10-20%",1,13,31
"10-20%",1,14,31
"10-20%",1,15,30
"10-20%",2,1,30
"10-20%",2,2,30
"10-20%",2,3,30
"10-20%",2,4,30
"10-20%",2,5,30
"10-20%",2,6,30
"10-20%",2,7,30
"10-20%",2,8,30
"10-20%",2,9,29
"10-20%",2,10,30
"10-20%",2,11,30
"10-20%",2,12,30
"10-20%",2,13,30
"10-20%",2,14,30
"10-20%",2,15,30
"10-20%",3,1,29
"10-20%",3,2,29
"10-20%",3,3,29
"10-20%",3,4,28
"10-20%",3,5,29
"10-20%",3,6,29
"10-20%",3,7,29
"10-20%",3,8,29
"10-20%",3,9,29
"10-20%",3,10,29
"10-20%",3,11,29
"10-20%",3,12,29
"10-20%",3,13,29
"10-20%",3,14,29
"10-20%",3,15,28
"10-20%",4,1,28
"10-20%",4,2,28
"10-20%",4,3,28
"10-20%",4,4,28
"10-20%",4,5,28
"10-20%",4,6,28
"10-20%",4,7,28
"10-20%",4,8,28
"10-20%",4,9,28
"10-20%",4,10,28
"10-20%",4,11,28
"10-20%",4,12,28
"10-20%",4,13,28
"10-20%",4,14,27
"10-20%",4,15,28
"10-20%",5,1,27
"10-20%",5,2,27
"10-20%",5,3,27
"10-20%",5,4,27
"10-20%",5,5,27
"10-20%",5,6,27
"10-20%",5,7,27
"10-20%",5,8,27
"10-20%",5,9,27
"10-20%",5,10,27
"10-20%",5,11,27
"10-20%",5,12,27
"10-20%",5,13,27
"10-20%",5,14,27
"10-20%",5,15,26
"10-20%",6,1,25
"10-20%",6,2,26
"10-20%",6,3,26
"10-20%",6,4,25
"10-20%",6,5,26
"10-20%",6,6,26
"10-20%",6,7,26
"10-20%",6,8,26
"10-20%",6,9,26
"10-20%",6,10,26
"10-20%",6,11,25
"10-20%",6,12,26
"10-20%",6,13,25
"10-20%",6,14,26
"10-20%",6,15,26
"10-20%",7,1,25
"10-20%",7,2,25
"10-20%",7,3,25
"10-20%",7,4,25
"10-20%",7,5,25
"10-20%",7,6,25
"10-20%",7,7,25
"10-20%",7,8,25
"10-20%",7,9,24
"10-20%",7,10,25
"10-20%",7,11,25
"10-20%",7,12,24
"10-20%",7,13,25
"10-20%",7,14,25
"10-20%",7,15,25
"10-20%",8,1,23
"10-20%",8,2,24
"10-20%",8,3,24
"10-20%",8,4,24
"10-20%",8,5,24
"10-20%",8,6,23
"10-20%",8,7,24
"10-20%",8,8,24
"10-20%",8,9,24
"10-20%",8,10,24
"10-20%",8,11,24
"10-20%",8,12,24
"10-20%",8,13,24
"10-20%",8,14,24
"10-20%",8,15,24
"10-20%",9,1,23
"10-20%",9,2,23
"10-20%",9,3,23
"10-20%",9,4,23
"10-20%",9,5,22
"10-20%",9,6,23
"10-20%",9,7,23
"10-20%",9,8,23
"10-20%",9,9,23
"10-20%",9,10,23
"10-20%",9,11,23
"10-20%",9,12,23
"10-20%",9,13,23
"10-20%",9,14,23
"10-20%",9,15,23
"10-20%",10,1,22
"10-20%",10,2,22
"10-20%",10,3,22
"10-20%",10,4,22
"10-20%",10,5,22
"10-20%",10,6,22
"10-20%",10,7,22
"10-20%",10,8,22
"10-20%",10,9,22
"10-20%",10,10,22
"10-20%",10,11,22
"10-20%",10,12,22
"10-20%",10,13,22
"10-20%",10,14,22
"10-20%",10,15,22
"10-20%",11,1,21
"10-20%",11,2,21
"10-20%",11,3,21
"10-20%",11,4,20
"10-20%",11,5,21
"10-20%",11,6,21
"10-20%",11,7,21
"10-20%",11,8,21
"10-20%",11,9,21
"10-20%",11,10,21
"10-20%",11,11,21
"10-20%",11,12,21
"10-20%",11,13,21
"10-20%",11,14,21
"10-20%",11,15,21
"10-20%",12,1,23
"10-20%",12,2,21
"10-20%",12,3,20
"10-20%",12,4,20
"10-20%",12,5,20
"10-20%",12,6,17
"10-20%",12,7,21
"10-20%",12,8,20
"10-20%",12,9,20
"10-20%",12,10,20
"10-20%",12,11,20
"10-20%",12,12,20
"10-20%",12,13,16
"10-20%",12,14,20
"10-20%",12,15,20
"10-20%",13,1,18
"10-20%",13,2,19
"10-20%",13,3,19
"10-20%",13,4,19
"10-20%",13,5,19
"10-20%",13,6,19
"10-20%",13,7,18
"10-20%",13,8,20
"10-20%",13,9,16
"10-20%",13,10,19
"10-20%",13,11,19
"10-20%",13,12,19
"10-20%",13,13,20
"10-20%",13,14,19
"10-20%",13,15,15
"10-20%",14,1,18
"10-20%",14,2,19
"10-20%",14,3,18
"10-20%",14,4,20
"10-20%",14,5,18
"10-20%",14,6,17
"10-20%",14,7,18
"10-20%",14,8,17
"10-20%",14,9,15
"10-20%",14,10,22
"10-20%",14,11,18
"10-20%",14,12,21
"10-20%",14,13,15
"10-20%",14,14,18
"10-20%",14,15,18
"10-20%",15,1,18
"10-20%",15,2,17
"10-20%",15,3,17
"10-20%",15,4,17
"10-20%",15,5,18
"10-20%",15,6,17
"10-20%",15,7,17
"10-20%",15,8,15
"10-20%",15,9,19
"10-20%",15,10,17
"10-20%",15,11,17
"10-20%",15,12,17
"10-20%",15,13,17
"10-20%",15,14,17
"10-20%",15,15,17
"10-20%",16,1,17
"10-20%",16,2,17
"10-20%",16,3,18
"10-20%",16,4,16
"10-20%",16,5,18
"10-20%",16,6,16
"10-20%",16,7,19
"10-20%",16,8,22
"10-20%",16,9,16
"10-20%",16,10,16
"10-20%",16,11,16
"10-20%",16,12,16
"10-20%",16,13,21
"10-20%",16,14,18
"10-20%",16,15,17
"10-20%",17,1,17
"10-20%",17,2,19
"10-20%",17,3,18
"10-20%",17,4,17
"10-20%",17,5,15
"10-20%",17,6,17
"10-20%",17,7,15
"10-20%",17,8,17
"10-20%",17,9,17
"10-20%",17,10,17
"10-20%",17,11,17
"10-20%",17,12,16
"10-20%",17,13,17
"10-20%",17,14,17
"10-20%",17,15,16
"10-20%",18,1,18
"10-20%",18,2,18
"10-20%",18,3,18
"10-20%",18,4,18
"10-20%",18,5,22
"10-20%",18,6,18
"10-20%",18,7,18
"10-20%",18,8,17
"10-20%",18,9,18
"10-20%",18,10,18
"10-20%",18,11,18
"10-20%",18,12,19
"10-20%",18,13,18
"10-20%",18,14,18
"10-20%",18,15,18
"10-20%",19,1,18
"10-20%",19,2,22
"10-20%",19,3,19
"10-20%",19,4,19
"10-20%",19,5,19
"10-20%",19,6,19
"10-20%",19,7,19
"10-20%",19,8,17
"10-20%",19,9,18
"10-20%",19,10,19
"10-20%",19,11,19
"10-20%",19,12,19
"10-20%",19,13,14
"10-20%",19,14,19
"10-20%",19,15,19
"10-20%",20,1,15
"10-20%",20,2,19
"10-20%",20,3,20
"10-20%",20,4,20
"10-20%",20,5,20
"10-20%",20,6,20
"10-20%",20,7,22
"10-20%",20,8,20
"10-20%",20,9,21
"10-20%",20,10,20
"10-20%",20,11,20
"10-20%",20,12,20
"10-20%",20,13,22
"10-20%",20,14,20
"10-20%",20,15,20
"10-20%",21,1,21
"10-20%",21,2,21
"10-20%",21,3,21
"10-20%",21,4,21
"10-20%",21,5,21
"10-20%",21,6,21
"10-20%",21,7,21
"10-20%",21,8,21
"10-20%",21,9,21
"10-20%",21,10,21
"10-20%",21,11,21
"10-20%",21,12,21
"10-20%",21,13,21
"10-20%",21,14,21
"10-20%",21,15,21
"10-20%",22,1,22
"10-20%",22,2,22
"10-20%",22,3,22
"10-20%",22,4,22
"10-20%",22,5,22
"10-20%",22,6,22
"10-20%",22,7,22
"10-20%",22,8,21
"10-20%",22,9,22
"10-20%",22,10,22
"10-20%",22,11,22
"10-20%",22,12,22
"10-20%",22,13,22
"10-20%",22,14,22
"10-20%",22,15,22
"10-20%",23,1,23
"10-20%",23,2,23
"10-20%",23,3,23
"10-20%",23,4,23
"10-20%",23,5,23
"10-20%",23,6,23
"10-20%",23,7,23
"10-20%",23,8,23
"10-20%",23,9,23
"10-20%",23,10,23
"10-20%",23,11,23
"10-20%",23,12,23
"10-20%",23,13,23
"10-20%",23,14,23
"10-20%",23,15,23
"10-20%",24,1,24
"10-20%",24,2,24
"10-20%",24,3,24
"10-20%",24,4,24
"10-20%",24,5,24
"10-20%",24,6,24
"10-20%",24,7,24
"10-20%",24,8,24
"10-20%",24,9,24
"10-20%",24,10,24
"10-20%",24,11,24
"10-20%",24,12,24
"10-20%",24,13,24
"10-20%",24,14,24
"10-20%",24,15,24
"10-20%",25,1,24
"10-20%",25,2,25
"10-20%",25,3,25
"10-20%",25,4,25
"10-20%",25,5,25
"10-20%",25,6,25
"10-20%",25,7,25
"10-20%",25,8,24
"10-20%",25,9,25
"10-20%",25,10,25
"10-20%",25,11,25
"10-20%",25,12,25
"10-20%",25,13,25
"10-20%",25,14,25
"10-20%",25,15,25
"10-20%",26,1,26
"10-20%",26,2,25
"10-20%",26,3,26
"10-20%",26,4,26
"10-20%",26,5,26
"10-20%",26,6,26
"10-20%",26,7,26
"10-20%",26,8,26
"10-20%",26,9,26
"10-20%",26,10,26
"10-20%",26,11,26
"10-20%",26,12,26
"10-20%",26,13,26
"10-20%",26,14,26
"10-20%",26,15,26
"10-20%",27,1,27
"10-20%",27,2,27
"10-20%",27,3,27
"10-20%",27,4,27
"10-20%",27,5,27
"10-20%",27,6,27
"10-20%",27,7,26
"10-20%",27,8,27
"10-20%",27,9,27
"10-20%",27,10,26
"10-20%",27,11,27
"10-20%",27,12,27
"10-20%",27,13,27
"10-20%",27,14,27
"10-20%",27,15,26
"10-20%",28,1,27
"10-20%",28,2,28
"10-20%",28,3,28
"10-20%",28,4,28
"10-20%",28,5,27
"10-20%",28,6,28
"10-20%",28,7,28
"10-20%",28,8,27
"10-20%",28,9,27
"10-20%",28,10,28
"10-20%",28,11,28
"10-20%",28,12,27
"10-20%",28,13,28
"10-20%",28,14,28
"10-20%",28,15,28
"10-20%",29,1,28
"10-20%",29,2,28
"10-20%",29,3,29
"10-20%",29,4,29
"10-20%",29,5,29
"10-20%",29,6,28
"10-20%",29,7,29
"10-20%",29,8,29
"10-20%",29,9,29
"10-20%",29,10,29
"10-20%",29,11,29
"10-20%",29,12,29
"10-20%",29,13,29
"10-20%",29,14,29
"10-20%",29,15,29
"10-20%",30,1,30
"10-20%",30,2,30
"10-20%",30,3,30
"10-20%",30,4,30
"10-20%",30,5,30
"10-20%",30,6,30
"10-20%",30,7,30
"10-20%",30,8,30
"10-20%",30,9,30
"10-20%",30,10,29
"10-20%",30,11,30
"10-20%",30,12,30
"10-20%",30,13,30
"10-20%",30,14,30
"10-20%",30,15,30
"10-20%",31,1,31
"10-20%",31,2,31
"10-20%",31,3,31
"10-20%",31,4,31
"10-20%",31,5,31
"10-20%",31,6,31
"10-20%",31,7,31
"10-20%",31,8,31
"10-20%",31,9,31
"10-20%",31,10,31
"10-20%",31,11,31
"10-20%",31,12,31
"10-20%",31,13,31
"10-20%",31,14,31
"10-20%",31,15,31
"10-20%",32,1,32
"10-20%",32,2,32
"10-20%",32,3,32
"10-20%",32,4,32
"10-20%",32,5,32
"10-20%",32,6,32
"10-20%",32,7,32
"10-20%",32,8,32
"10-20%",32,9,32
"10-20%",32,10,32
"10-20%",32,11,32
"10-20%",32,12,32
"10-20%",32,13,32
"10-20%",32,14,32
"10-20%",32,15,32
"20-30%",1,1,31
"20-30%",1,2,31
"20-30%",1,3,31
"20-30%",1,4,31
"20-30%",1,5,31
"20-30%",1,6,32
"20-30%",1,7,31
"20-30%",1,8,31
"20-30%",1,9,32
"20-30%",1,10,31
"20-30%",1,11,31
"20-30%",1,12,31
"20-30%",1,13,31
"20-30%",1,14,31
"20-30%",1,15,31
"20-30%",2,1,30
"20-30%",2,2,30
"20-30%",2,3,30
"20-30%",2,4,30
"20-30%",2,5,30
"20-30%",2,6,30
"20-30%",2,7,30
"20-30%",2,8,30
"20-30%",2,9,30
"20-30%",2,10,31
"20-30%",2,11,30
"20-30%",2,12,29
"20-30%",2,13,29
"20-30%",2,14,29
"20-30%",2,15,30
"20-30%",3,1,29
"20-30%",3,2,29
"20-30%",3,3,28
"20-30%",3,4,29
"20-30%",3,5,29
"20-30%",3,6,30
"20-30%",3,7,29
"20-30%",3,8,30
"20-30%",3,9,29
"20-30%",3,10,29
"20-30%",3,11,29
"20-30%",3,12,28
"20-30%",3,13,30
"20-30%",3,14,29
"20-30%",3,15,29
"20-30%",4,1,28
"20-30%",4,2,28
"20-30%",4,3,28
"20-30%",4,4,28
"20-30%",4,5,27
"20-30%",4,6,29
"20-30%",4,7,28
"20-30%",4,8,28
"20-30%",4,9,28
"20-30%",4,10,28
"20-30%",4,11,29
"20-30%",4,12,29
"20-30%",4,13,29
"20-30%",4,14,29
"20-30%",4,15,27
"20-30%",5,1,26
"20-30%",5,2,27
"20-30%",5,3,28
"20-30%",5,4,27
"20-30%",5,5,27
"20-30%",5,6,27
"20-30%",5,7,27
"20-30%",5,8,27
"20-30%",5,9,27
"20-30%",5,10,27
"20-30%",5,11,27
"20-30%",5,12,27
"20-30%",5,13,27
"20-30%",5,14,28
"20-30%",5,15,27
"20-30%",6,1,25
"20-30%",6,2,26
"20-30%",6,3,30
"20-30%",6,4,26
"20-30%",6,5,26
"20-30%",6,6,26
"20-30%",6,7,26
"20-30%",6,8,25
"20-30%",6,9,25
"20-30%",6,10,25
"20-30%",6,11,26
"20-30%",6,12,27
"20-30%",6,13,25
"20-30%",6,14,28
"20-30%",6,15,27
"20-30%",7,1,28
"20-30%",7,2,25
"20-30%",7,3,25
"20-30%",7,4,26
"20-30%",7,5,26
"20-30%",7,6,29
"20-30%",7,7,26
"20-30%",7,8,25
"20-30%",7,9,26
"20-30%",7,10,25
"20-30%",7,11,26
"20-30%",7,12,26
"20-30%",7,13,24
"20-30%",7,14,27
"20-30%",7,15,25
"20-30%",8,1,24
"20-30%",8,2,23
"20-30%",8,3,25
"20-30%",8,4,24
"20-30%",8,5,23
"20-30%",8,6,24
"20-30%",8,7,26
"20-30%",8,8,24
"20-30%",8,9,24
"20-30%",8,10,24
"20-30%",8,11,25
"20-30%",8,12,24
"20-30%",8,13,23
"20-30%",8,14,24
"20-30%",8,15,24
"20-30%",9,1,23
"20-30%",9,2,23
"20-30%",9,3,23
"20-30%",9,4,24
"20-30%",9,5,25
"20-30%",9,6,24
"20-30%",9,7,23
"20-30%",9,8,25
"20-30%",9,9,24
"20-30%",9,10,23
"20-30%",9,11,22
"20-30%",9,12,24
"20-30%",9,13,23
"20-30%",9,14,23
"20-30%",9,15,23
"20-30%",10,1,22
"20-30%",10,2,22
"20-30%",10,3,21
"20-30%",10,4,22
"20-30%",10,5,22
"20-30%",10,6,21
"20-30%",10,7,21
"20-30%",10,8,17
"20-30%",10,9,23
"20-30%",10,10,22
"20-30%",10,11,22
"20-30%",10,12,21
"20-30%",10,13,24
"20-30%",10,14,22
"20-30%",10,15,22
"20-30%",11,1,22
"20-30%",11,2,22
"20-30%",11,3,20
"20-30%",11,4,24
"20-30%",11,5,20
"20-30%",11,6,23
"20-30%",11,7,21
"20-30%",11,8,16
"20-30%",11,9,21
"20-30%",11,10,21
"20-30%",11,11,22
"20-30%",11,12,23
"20-30%",11,13,21
"20-30%",11,14,22
"20-30%",11,15,21
"20-30%",12,1,20
"20-30%",12,2,21
"20-30%",12,3,18
"20-30%",12,4,20
"20-30%",12,5,20
"20-30%",12,6,20
"20-30%",12,7,19
"20-30%",12,8,21
"20-30%",12,9,23
"20-30%",12,10,18
"20-30%",12,11,17
"20-30%",12,12,20
"20-30%",12,13,22
"20-30%",12,14,17
"20-30%",12,15,20
"20-30%",13,1,18
"20-30%",13,2,16
"20-30%",13,3,20
"20-30%",13,4,22
"20-30%",13,5,19
"20-30%",13,6,18
"20-30%",13,7,17
"20-30%",13,8,20
"20-30%",13,9,23
"20-30%",13,10,20
"20-30%",13,11,23
"20-30%",13,12,19
"20-30%",13,13,20
"20-30%",13,14,21
"20-30%",13,15,20
"20-30%",14,1,19
"20-30%",14,2,20
"20-30%",14,3,18
"20-30%",14,4,20
"20-30%",14,5,19
"20-30%",14,6,18
"20-30%",14,7,22
"20-30%",14,8,18
"20-30%",14,9,23
"20-30%",14,10,20
"20-30%",14,11,20
"20-30%",14,12,19
"20-30%",14,13,18
"20-30%",14,14,18
"20-30%",14,15,18
"20-30%",15,1,18
"20-30%",15,2,19
"20-30%",15,3,17
"20-30%",15,4,17
"20-30%",15,5,20
"20-30%",15,6,18
"20-30%",15,7,18
"20-30%",15,8,19
"20-30%",15,9,21
"20-30%",15,10,17
"20-30%",15,11,18
"20-30%",15,12,20
"20-30%",15,13,21
"20-30%",15,14,17
"20-30%",15,15,19
"20-30%",16,1,18
"20-30%",16,2,18
"20-30%",16,3,17
"20-30%",16,4,17
"20-30%",16,5,20
"20-30%",16,6,17
"20-30%",16,7,21
"20-30%",16,8,20
"20-30%",16,9,18
"20-30%",16,10,18
"20-30%",16,11,19
"20-30%",16,12,19
"20-30%",16,13,17
"20-30%",16,14,18
"20-30%",16,15,18
"20-30%",17,1,21
"20-30%",17,2,17
"20-30%",17,3,20
"20-30%",17,4,19
"20-30%",17,5,18
"20-30%",17,6,19
"20-30%",17,7,20
"20-30%",17,8,17
"20-30%",17,9,17
"20-30%",17,10,19
"20-30%",17,11,18
"20-30%",17,12,20
"20-30%",17,13,19
"20-30%",17,14,17
"20-30%",17,15,18
"20-30%",18,1,18
"20-30%",18,2,20
"20-30%",18,3,16
"20-30%",18,4,17
"20-30%",18,5,17
"20-30%",18,6,17
"20-30%",18,7,21
"20-30%",18,8,23
"20-30%",18,9,18
"20-30%",18,10,21
"20-30%",18,11,17
"20-30%",18,12,22
"20-30%",18,13,18
"20-30%",18,14,18
"20-30%",18,15,20
"20-30%",19,1,20
"20-30%",19,2,19
"20-30%",19,3,24
"20-30%",19,4,18
"20-30%",19,5,23
"20-30%",19,6,17
"20-30%",19,7,20
"20-30%",19,8,17
"20-30%",19,9,22
"20-30%",19,10,18
"20-30%",19,11,17
"20-30%",19,12,19
"20-30%",19,13,19
"20-30%",19,14,19
"20-30%",19,15,21
"20-30%",20,1,22
"20-30%",20,2,18
"20-30%",20,3,22
"20-30%",20,4,21
"20-30%",20,5,18
"20-30%",20,6,22
"20-30%",20,7,17
"20-30%",20,8,20
"20-30%",20,9,22
"20-30%",20,10,18
"20-30%",20,11,24
"20-30%",20,12,21
"20-30%",20,13,21
"20-30%",20,14,18
"20-30%",20,15,23
"20-30%",21,1,22
"20-30%",21,2,22
"20-30%",21,3,18
"20-30%",21,4,21
"20-30%",21,5,17
"20-30%",21,6,24
"20-30%",21,7,16
"20-30%",21,8,23
"20-30%",21,9,22
"20-30%",21,10,22
"20-30%",21,11,16
"20-30%",21,12,22
"20-30%",21,13,21
"20-30%",21,14,22
"20-30%",21,15,24
"20-30%",22,1,21
"20-30%",22,2,23
"20-30%",22,3,24
"20-30%",22,4,21
"20-30%",22,5,24
"20-30%",22,6,23
"20-30%",22,7,24
"20-30%",22,8,22
"20-30%",22,9,24
"20-30%",22,10,24
"20-30%",22,11,23
"20-30%",22,12,21
"20-30%",22,13,21
"20-30%",22,14,22
"20-30%",22,15,23
"20-30%",23,1,23
"20-30%",23,2,23
"20-30%",23,3,24
"20-30%",23,4,22
"20-30%",23,5,25
"20-30%",23,6,23
"20-30%",23,7,23
"20-30%",23,8,24
"20-30%",23,9,23
"20-30%",23,10,24
"20-30%",23,11,25
"20-30%",23,12,23
"20-30%",23,13,23
"20-30%",23,14,23
"20-30%",23,15,23
"20-30%",24,1,25
"20-30%",24,2,23
"20-30%",24,3,25
"20-30%",24,4,24
"20-30%",24,5,26
"20-30%",24,6,24
"20-30%",24,7,25
"20-30%",24,8,23
"20-30%",24,9,23
"20-30%",24,10,26
"20-30%",24,11,25
"20-30%",24,12,23
"20-30%",24,13,25
"20-30%",24,14,26
"20-30%",24,15,25
"20-30%",25,1,25
"20-30%",25,2,24
"20-30%",25,3,26
"20-30%",25,4,25
"20-30%",25,5,25
"20-30%",25,6,25
"20-30%",25,7,24
"20-30%",25,8,26
"20-30%",25,9,26
"20-30%",25,10,26
"20-30%",25,11,25
"20-30%",25,12,26
"20-30%",25,13,24
"20-30%",25,14,24
"20-30%",25,15,25
"20-30%",26,1,27
"20-30%",26,2,26
"20-30%",26,3,26
"20-30%",26,4,25
"20-30%",26,5,25
"20-30%",26,6,26
"20-30%",26,7,26
"20-30%",26,8,25
"20-30%",26,9,26
"20-30%",26,10,25
"20-30%",26,11,26
"20-30%",26,12,25
"20-30%",26,13,25
"20-30%",26,14,25
"20-30%",26,15,26
"20-30%",27,1,27
"20-30%",27,2,28
"20-30%",27,3,26
"20-30%",27,4,26
"20-30%",27,5,26
"20-30%",27,6,27
"20-30%",27,7,27
"20-30%",27,8,28
"20-30%",27,9,28
"20-30%",27,10,28
"20-30%",27,11,27
"20-30%",27,12,27
"20-30%",27,13,29
"20-30%",27,14,26
"20-30%",27,15,28
"20-30%",28,1,29
"20-30%",28,2,29
"20-30%",28,3,28
"20-30%",28,4,28
"20-30%",28,5,28
"20-30%",28,6,27
"20-30%",28,7,28
"20-30%",28,8,28
"20-30%",28,9,28
"20-30%",28,10,28
"20-30%",28,11,29
"20-30%",28,12,28
"20-30%",28,13,29
"20-30%",28,14,28
"20-30%",28,15,27
"20-30%",29,1,29
"20-30%",29,2,29
"20-30%",29,3,29
"20-30%",29,4,28
"20-30%",29,5,29
"20-30%",29,6,30
"20-30%",29,7,30
"20-30%",29,8,28
"20-30%",29,9,28
"20-30%",29,10,29
"20-30%",29,11,29
"20-30%",29,12,29
"20-30%",29,13,29
"20-30%",29,14,29
"20-30%",29,15,29
"20-30%",30,1,30
"20-30%",30,2,30
"20-30%",30,3,31
"20-30%",30,4,30
"20-30%",30,5,30
"20-30%",30,6,30
"20-30%",30,7,30
"20-30%",30,8,30
"20-30%",30,9,30
"20-30%",30,10,30
"20-30%",30,11,29
"20-30%",30,12,31
"20-30%",30,13,30
"20-30%",30,14,30
"20-30%",30,15,30
"20-30%",31,1,31
"20-30%",31,2,31
"20-30%",31,3,31
"20-30%",31,4,31
"20-30%",31,5,30
"20-30%",31,6,31
"20-30%",31,7,31
"20-30%",31,8,31
"20-30%",31,9,31
"20-30%",31,10,31
"20-30%",31,11,31
"20-30%",31,12,31
"20-30%",31,13,31
"20-30%",31,14,31
"20-30%",31,15,31
"20-30%",32,1,32
"20-30%",32,2,32
"20-30%",32,3,32
"20-30%",32,4,32
"20-30%",32,5,32
"20-30%",32,6,32
"20-30%",32,7,32
"20-30%",32,8,32
"20-30%",32,9,32
"20-30%",32,10,32
"20-30%",32,11,32
"20-30%",32,12,32
"20-30%",32,13,32
"20-30%",32,14,32
"20-30%",32,15,32
"30-40%",1,1,31
"30-40%",1,2,31
"30-40%",1,3,31
"30-40%",1,4,31
"30-40%",1,5,31
"30-40%",1,6,31
"30-40%",1,7,30
"30-40%",1,8,31
"30-40%",1,9,31
"30-40%",1,10,31
"30-40%",1,11,31
"30-40%",1,12,31
"30-40%",1,13,31
"30-40%",1,14,31
"30-40%",1,15,31
"30-40%",2,1,30
"30-40%",2,2,30
"30-40%",2,3,30
"30-40%",2,4,30
"30-40%",2,5,30
"30-40%",2,6,30
"30-40%",2,7,30
"30-40%",2,8,30
"30-40%",2,9,30
"30-40%",2,10,30
"30-40%",2,11,30
"30-40%",2,12,29
"30-40%",2,13,30
"30-40%",2,14,30
"30-40%",2,15,29
"30-40%",3,1,29
"30-40%",3,2,29
"30-40%",3,3,28
"30-40%",3,4,28
"30-40%",3,5,29
"30-40%",3,6,28
"30-40%",3,7,29
"30-40%",3,8,29
"30-40%",3,9,29
"30-40%",3,10,29
"30-40%",3,11,29
"30-40%",3,12,29
"30-40%",3,13,28
"30-40%",3,14,28
"30-40%",3,15,28
"30-40%",4,1,28
"30-40%",4,2,28
"30-40%",4,3,28
"30-40%",4,4,28
"30-40%",4,5,28
"30-40%",4,6,28
"30-40%",4,7,28
"30-40%",4,8,28
"30-40%",4,9,28
"30-40%",4,10,27
"30-40%",4,11,28
"30-40%",4,12,28
"30-40%",4,13,28
"30-40%",4,14,28
"30-40%",4,15,28
"30-40%",5,1,27
"30-40%",5,2,27
"30-40%",5,3,26
"30-40%",5,4,27
"30-40%",5,5,16
"30-40%",5,6,27
"30-40%",5,7,27
"30-40%",5,8,27
"30-40%",5,9,27
"30-40%",5,10,27
"30-40%",5,11,27
"30-40%",5,12,26
"30-40%",5,13,27
"30-40%",5,14,26
"30-40%",5,15,27
"30-40%",6,1,27
"30-40%",6,2,26
"30-40%",6,3,26
"30-40%",6,4,16
"30-40%",6,5,25
"30-40%",6,6,26
"30-40%",6,7,25
"30-40%",6,8,26
"30-40%",6,9,26
"30-40%",6,10,26
"30-40%",6,11,28
"30-40%",6,12,26
"30-40%",6,13,25
"30-40%",6,14,27
"30-40%",6,15,25
"30-40%",7,1,25
"30-40%",7,2,25
"30-40%",7,3,25
"30-40%",7,4,17
"30-40%",7,5,24
"30-40%",7,6,25
"30-40%",7,7,24
"30-40%",7,8,26
"30-40%",7,9,24
"30-40%",7,10,25
"30-40%",7,11,25
"30-40%",7,12,24
"30-40%",7,13,17
"30-40%",7,14,26
"30-40%",7,15,25
"30-40%",8,1,25
"30-40%",8,2,24
"30-40%",8,3,23
"30-40%",8,4,24
"30-40%",8,5,23
"30-40%",8,6,24
"30-40%",8,7,23
"30-40%",8,8,24
"30-40%",8,9,25
"30-40%",8,10,25
"30-40%",8,11,24
"30-40%",8,12,24
"30-40%",8,13,23
"30-40%",8,14,26
"30-40%",8,15,23
"30-40%",9,1,23
"30-40%",9,2,23
"30-40%",9,3,22
"30-40%",9,4,22
"30-40%",9,5,22
"30-40%",9,6,15
"30-40%",9,7,18
"30-40%",9,8,23
"30-40%",9,9,23
"30-40%",9,10,24
"30-40%",9,11,18
"30-40%",9,12,18
"30-40%",9,13,24
"30-40%",9,14,22
"30-40%",9,15,17
"30-40%",10,1,15
"30-40%",10,2,23
"30-40%",10,3,23
"30-40%",10,4,21
"30-40%",10,5,24
"30-40%",10,6,22
"30-40%",10,7,21
"30-40%",10,8,22
"30-40%",10,9,21
"30-40%",10,10,23
"30-40%",10,11,23
"30-40%",10,12,22
"30-40%",10,13,22
"30-40%",10,14,16
"30-40%",10,15,24
"30-40%",11,1,21
"30-40%",11,2,20
"30-40%",11,3,20
"30-40%",11,4,22
"30-40%",11,5,20
"30-40%",11,6,22
"30-40%",11,7,20
"30-40%",11,8,20
"30-40%",11,9,23
"30-40%",11,10,23
"30-40%",11,11,16
"30-40%",11,12,23
"30-40%",11,13,21
"30-40%",11,14,16
"30-40%",11,15,20
"30-40%",12,1,20
"30-40%",12,2,16
"30-40%",12,3,16
"30-40%",12,4,20
"30-40%",12,5,20
"30-40%",12,6,18
"30-40%",12,7,22
"30-40%",12,8,17
"30-40%",12,9,19
"30-40%",12,10,19
"30-40%",12,11,17
"30-40%",12,12,20
"30-40%",12,13,20
"30-40%",12,14,16
"30-40%",12,15,16
"30-40%",13,1,18
"30-40%",13,2,19
"30-40%",13,3,16
"30-40%",13,4,20
"30-40%",13,5,17
"30-40%",13,6,22
"30-40%",13,7,16
"30-40%",13,8,16
"30-40%",13,9,20
"30-40%",13,10,18
"30-40%",13,11,16
"30-40%",13,12,20
"30-40%",13,13,19
"30-40%",13,14,20
"30-40%",13,15,19
"30-40%",14,1,17
"30-40%",14,2,18
"30-40%",14,3,17
"30-40%",14,4,18
"30-40%",14,5,19
"30-40%",14,6,18
"30-40%",14,7,20
"30-40%",14,8,17
"30-40%",14,9,19
"30-40%",14,10,18
"30-40%",14,11,19
"30-40%",14,12,18
"30-40%",14,13,19
"30-40%",14,14,18
"30-40%",14,15,17
"30-40%",15,1,16
"30-40%",15,2,18
"30-40%",15,3,19
"30-40%",15,4,20
"30-40%",15,5,20
"30-40%",15,6,18
"30-40%",15,7,17
"30-40%",15,8,17
"30-40%",15,9,20
"30-40%",15,10,20
"30-40%",15,11,18
"30-40%",15,12,19
"30-40%",15,13,19
"30-40%",15,14,17
"30-40%",15,15,21
"30-40%",16,1,17
"30-40%",16,2,21
"30-40%",16,3,20
"30-40%",16,4,18
"30-40%",16,5,18
"30-40%",16,6,19
"30-40%",16,7,17
"30-40%",16,8,17
"30-40%",16,9,22
"30-40%",16,10,17
"30-40%",16,11,18
"30-40%",16,12,16
"30-40%",16,13,19
"30-40%",16,14,21
"30-40%",16,15,18
"30-40%",17,1,16
"30-40%",17,2,16
"30-40%",17,3,18
"30-40%",17,4,19
"30-40%",17,5,20
"30-40%",17,6,20
"30-40%",17,7,19
"30-40%",17,8,17
"30-40%",17,9,18
"30-40%",17,10,18
"30-40%",17,11,18
"30-40%",17,12,16
"30-40%",17,13,18
"30-40%",17,14,17
"30-40%",17,15,20
"30-40%",18,1,20
"30-40%",18,2,19
"30-40%",18,3,18
"30-40%",18,4,16
"30-40%",18,5,21
"30-40%",18,6,19
"30-40%",18,7,17
"30-40%",18,8,21
"30-40%",18,9,19
"30-40%",18,10,16
"30-40%",18,11,19
"30-40%",18,12,18
"30-40%",18,13,21
"30-40%",18,14,20
"30-40%",18,15,16
"30-40%",19,1,18
"30-40%",19,2,17
"30-40%",19,3,21
"30-40%",19,4,19
"30-40%",19,5,19
"30-40%",19,6,16
"30-40%",19,7,21
"30-40%",19,8,18
"30-40%",19,9,18
"30-40%",19,10,22
"30-40%",19,11,17
"30-40%",19,12,19
"30-40%",19,13,22
"30-40%",19,14,21
"30-40%",19,15,20
"30-40%",20,1,16
"30-40%",20,2,17
"30-40%",20,3,19
"30-40%",20,4,16
"30-40%",20,5,16
"30-40%",20,6,16
"30-40%",20,7,19
"30-40%",20,8,17
"30-40%",20,9,20
"30-40%",20,10,16
"30-40%",20,11,21
"30-40%",20,12,22
"30-40%",20,13,22
"30-40%",20,14,21
"30-40%",20,15,21
"30-40%",21,1,21
"30-40%",21,2,21
"30-40%",21,3,17
"30-40%",21,4,18
"30-40%",21,5,21
"30-40%",21,6,21
"30-40%",21,7,16
"30-40%",21,8,20
"30-40%",21,9,22
"30-40%",21,10,24
"30-40%",21,11,21
"30-40%",21,12,16
"30-40%",21,13,21
"30-40%",21,14,22
"30-40%",21,15,18
"30-40%",22,1,17
"30-40%",22,2,17
"30-40%",22,3,23
"30-40%",22,4,18
"30-40%",22,5,21
"30-40%",22,6,24
"30-40%",22,7,21
"30-40%",22,8,22
"30-40%",22,9,22
"30-40%",22,10,22
"30-40%",22,11,26
"30-40%",22,12,23
"30-40%",22,13,21
"30-40%",22,14,16
"30-40%",22,15,21
"30-40%",23,1,23
"30-40%",23,2,23
"30-40%",23,3,16
"30-40%",23,4,23
"30-40%",23,5,24
"30-40%",23,6,22
"30-40%",23,7,23
"30-40%",23,8,17
"30-40%",23,9,17
"30-40%",23,10,16
"30-40%",23,11,24
"30-40%",23,12,23
"30-40%",23,13,23
"30-40%",23,14,23
"30-40%",23,15,24
"30-40%",24,1,24
"30-40%",24,2,23
"30-40%",24,3,16
"30-40%",24,4,23
"30-40%",24,5,24
"30-40%",24,6,24
"30-40%",24,7,24
"30-40%",24,8,24
"30-40%",24,9,23
"30-40%",24,10,17
"30-40%",24,11,24
"30-40%",24,12,23
"30-40%",24,13,24
"30-40%",24,14,23
"30-40%",24,15,17
"30-40%",25,1,24
"30-40%",25,2,25
"30-40%",25,3,25
"30-40%",25,4,24
"30-40%",25,5,25
"30-40%",25,6,26
"30-40%",25,7,25
"30-40%",25,8,25
"30-40%",25,9,25
"30-40%",25,10,17
"30-40%",25,11,26
"30-40%",25,12,24
"30-40%",25,13,26
"30-40%",25,14,24
"30-40%",25,15,24
"30-40%",26,1,26
"30-40%",26,2,25
"30-40%",26,3,27
"30-40%",26,4,25
"30-40%",26,5,26
"30-40%",26,6,26
"30-40%",26,7,26
"30-40%",26,8,15
"30-40%",26,9,26
"30-40%",26,10,26
"30-40%",26,11,26
"30-40%",26,12,26
"30-40%",26,13,25
"30-40%",26,14,26
"30-40%",26,15,26
"30-40%",27,1,27
"30-40%",27,2,27
"30-40%",27,3,27
"30-40%",27,4,26
"30-40%",27,5,27
"30-40%",27,6,27
"30-40%",27,7,27
"30-40%",27,8,26
"30-40%",27,9,27
"30-40%",27,10,26
"30-40%",27,11,26
"30-40%",27,12,17
"30-40%",27,13,27
"30-40%",27,14,27
"30-40%",27,15,27
"30-40%",28,1,28
"30-40%",28,2,28
"30-40%",28,3,28
"30-40%",28,4,28
"30-40%",28,5,28
"30-40%",28,6,28
"30-40%",28,7,27
"30-40%",28,8,28
"30-40%",28,9,28
"30-40%",28,10,27
"30-40%",28,11,28
"30-40%",28,12,27
"30-40%",28,13,28
"30-40%",28,14,28
"30-40%",28,15,28
"30-40%",29,1,29
"30-40%",29,2,29
"30-40%",29,3,28
"30-40%",29,4,29
"30-40%",29,5,29
"30-40%",29,6,29
"30-40%",29,7,29
"30-40%",29,8,29
"30-40%",29,9,29
"30-40%",29,10,29
"30-40%",29,11,29
"30-40%",29,12,29
"30-40%",29,13,29
"30-40%",29,14,29
"30-40%",29,15,29
"30-40%",30,1,30
"30-40%",30,2,30
"30-40%",30,3,30
"30-40%",30,4,30
"30-40%",30,5,30
"30-40%",30,6,30
"30-40%",30,7,30
"30-40%",30,8,30
"30-40%",30,9,30
"30-40%",30,10,30
"30-40%",30,11,30
"30-40%",30,12,30
"30-40%",30,13,30
"30-40%",30,14,29
"30-40%",30,15,29
"30-40%",31,1,31
"30-40%",31,2,31
"30-40%",31,3,31
"30-40%",31,4,31
"30-40%",31,5,31
"30-40%",31,6,31
"30-40%",31,7,31
"30-40%",31,8,31
"30-40%",31,9,31
"30-40%",31,10,31
"30-40%",31,11,31
"30-40%",31,12,31
"30-40%",31,13,31
"30-40%",31,14,31
"30-40%",31,15,30
"30-40%",32,1,32
"30-40%",32,2,32
"30-40%",32,3,32
"30-40%",32,4,32
"30-40%",32,5,32
"30-40%",32,6,32
"30-40%",32,7,32
"30-40%",32,8,32
"30-40%",32,9,32
"30-40%",32,10,32
"30-40%",32,11,32
"30-40%",32,12,32
"30-40%",32,13,32
"30-40%",32,14,32
"30-40%",32,15,32
"40-50%",1,1,31
"40-50%",1,2,31
"40-50%",1,3,31
"40-50%",1,4,31
"40-50%",1,5,31
"40-50%",1,6,31
"40-50%",1,7,31
"40-50%",1,8,30
"40-50%",1,9,31
"40-50%",1,10,31
"40-50%",1,11,31
"40-50%",1,12,30
"40-50%",1,13,31
"40-50%",1,14,31
"40-50%",1,15,31
"40-50%",2,1,30
"40-50%",2,2,30
"40-50%",2,3,30
"40-50%",2,4,30
"40-50%",2,5,16
"40-50%",2,6,30
"40-50%",2,7,29
"40-50%",2,8,16
"40-50%",2,9,30
"40-50%",2,10,30
"40-50%",2,11,16
"40-50%",2,12,16
"40-50%",2,13,30
"40-50%",2,14,30
"40-50%",2,15,30
"40-50%",3,1,29
"40-50%",3,2,29
"40-50%",3,3,29
"40-50%",3,4,29
"40-50%",3,5,16
"40-50%",3,6,29
"40-50%",3,7,29
"40-50%",3,8,28
"40-50%",3,9,29
"40-50%",3,10,16
"40-50%",3,11,29
"40-50%",3,12,29
"40-50%",3,13,16
"40-50%",3,14,15
"40-50%",3,15,29
"40-50%",4,1,28
"40-50%",4,2,14
"40-50%",4,3,15
"40-50%",4,4,28
"40-50%",4,5,15
"40-50%",4,6,16
"40-50%",4,7,15
"40-50%",4,8,28
"40-50%",4,9,27
"40-50%",4,10,28
"40-50%",4,11,17
"40-50%",4,12,28
"40-50%",4,13,28
"40-50%",4,14,15
"40-50%",4,15,28
"40-50%",5,1,14
"40-50%",5,2,27
"40-50%",5,3,27
"40-50%",5,4,27
"40-50%",5,5,14
"40-50%",5,6,27
"40-50%",5,7,27
"40-50%",5,8,15
"40-50%",5,9,27
"40-50%",5,10,26
"40-50%",5,11,27
"40-50%",5,12,26
"40-50%",5,13,26
"40-50%",5,14,26
"40-50%",5,15,27
"40-50%",6,1,26
"40-50%",6,2,25
"40-50%",6,3,14
"40-50%",6,4,26
"40-50%",6,5,26
"40-50%",6,6,26
"40-50%",6,7,26
"40-50%",6,8,25
"40-50%",6,9,26
"40-50%",6,10,14
"40-50%",6,11,25
"40-50%",6,12,25
"40-50%",6,13,14
"40-50%",6,14,15
"40-50%",6,15,26
"40-50%",7,1,24
"40-50%",7,2,25
"40-50%",7,3,24
"40-50%",7,4,25
"40-50%",7,5,25
"40-50%",7,6,13
"40-50%",7,7,14
"40-50%",7,8,25
"40-50%",7,9,25
"40-50%",7,10,25
"40-50%",7,11,25
"40-50%",7,12,25
"40-50%",7,13,24
"40-50%",7,14,25
"40-50%",7,15,25
"40-50%",8,1,23
"40-50%",8,2,24
"40-50%",8,3,12
"40-50%",8,4,23
"40-50%",8,5,24
"40-50%",8,6,24
"40-50%",8,7,13
"40-50%",8,8,24
"40-50%",8,9,13
"40-50%",8,10,14
"40-50%",8,11,23
"40-50%",8,12,13
"40-50%",8,13,13
"40-50%",8,14,13
"40-50%",8,15,24
"40-50%",9,1,23
"40-50%",9,2,23
"40-50%",9,3,22
"40-50%",9,4,23
"40-50%",9,5,23
"40-50%",9,6,23
"40-50%",9,7,22
"40-50%",9,8,13
"40-50%",9,9,12
"40-50%",9,10,23
"40-50%",9,11,23
"40-50%",9,12,23
"40-50%",9,13,23
"40-50%",9,14,13
"40-50%",9,15,14
"40-50%",10,1,21
"40-50%",10,2,22
"40-50%",10,3,22
"40-50%",10,4,12
"40-50%",10,5,12
"40-50%",10,6,21
"40-50%",10,7,13
"40-50%",10,8,22
"40-50%",10,9,12
"40-50%",10,10,22
"40-50%",10,11,13
"40-50%",10,12,22
"40-50%",10,13,22
"40-50%",10,14,22
"40-50%",10,15,13
"40-50%",11,1,11
"40-50%",11,2,14
"40-50%",11,3,21
"40-50%",11,4,11
"40-50%",11,5,21
"40-50%",11,6,15
"40-50%",11,7,12
"40-50%",11,8,20
"40-50%",11,9,20
"40-50%",11,10,21
"40-50%",11,11,20
"40-50%",11,12,12
"40-50%",11,13,11
"40-50%",11,14,21
"40-50%",11,15,13
"40-50%",12,1,20
"40-50%",12,2,12
"40-50%",12,3,12
"40-50%",12,4,12
"40-50%",12,5,20
"40-50%",12,6,19
"40-50%",12,7,20
"40-50%",12,8,20
"40-50%",12,9,12
"40-50%",12,10,20
"40-50%",12,11,20
"40-50%",12,12,20
"40-50%",12,13,20
"40-50%",12,14,20
"40-50%",12,15,12
"40-50%",13,1,12
"40-50%",13,2,13
"40-50%",13,3,19
"40-50%",13,4,19
"40-50%",13,5,15
"40-50%",13,6,12
"40-50%",13,7,19
"40-50%",13,8,19
"40-50%",13,9,12
"40-50%",13,10,12
"40-50%",13,11,12
"40-50%",13,12,14
"40-50%",13,13,13
"40-50%",13,14,13
"40-50%",13,15,19
"40-50%",14,1,14
"40-50%",14,2,14
"40-50%",14,3,18
"40-50%",14,4,17
"40-50%",14,5,14
"40-50%",14,6,13
"40-50%",14,7,17
"40-50%",14,8,17
"40-50%",14,9,13
"40-50%",14,10,17
"40-50%",14,11,14
"40-50%",14,12,18
"40-50%",14,13,14
"40-50%",14,14,17
"40-50%",14,15,17
"40-50%",15,1,17
"40-50%",15,2,16
"40-50%",15,3,17
"40-50%",15,4,15
"40-50%",15,5,17
"40-50%",15,6,17
"40-50%",15,7,17
"40-50%",15,8,16
"40-50%",15,9,17
"40-50%",15,10,17
"40-50%",15,11,15
"40-50%",15,12,17
"40-50%",15,13,16
"40-50%",15,14,16
"40-50%",15,15,15
"40-50%",16,1,16
"40-50%",16,2,16
"40-50%",16,3,16
"40-50%",16,4,16
"40-50%",16,5,16
"40-50%",16,6,16
"40-50%",16,7,16
"40-50%",16,8,15
"40-50%",16,9,16
"40-50%",16,10,16
"40-50%",16,11,16
"40-50%",16,12,16
"40-50%",16,13,16
"40-50%",16,14,16
"40-50%",16,15,16
"40-50%",17,1,15
"40-50%",17,2,14
"40-50%",17,3,16
"40-50%",17,4,15
"40-50%",17,5,14
"40-50%",17,6,17
"40-50%",17,7,15
"40-50%",17,8,17
"40-50%",17,9,14
"40-50%",17,10,14
"40-50%",17,11,16
"40-50%",17,12,15
"40-50%",17,13,16
"40-50%",17,14,15
"40-50%",17,15,15
"40-50%",18,1,14
"40-50%",18,2,17
"40-50%",18,3,14
"40-50%",18,4,14
"40-50%",18,5,13
"40-50%",18,6,14
"40-50%",18,7,18
"40-50%",18,8,17
"40-50%",18,9,13
"40-50%",18,10,18
"40-50%",18,11,18
"40-50%",18,12,18
"40-50%",18,13,14
"40-50%",18,14,14
"40-50%",18,15,18
"40-50%",19,1,19
"40-50%",19,2,13
"40-50%",19,3,18
"40-50%",19,4,19
"40-50%",19,5,12
"40-50%",19,6,13
"40-50%",19,7,13
"40-50%",19,8,13
"40-50%",19,9,19
"40-50%",19,10,13
"40-50%",19,11,19
"40-50%",19,12,14
"40-50%",19,13,12
"40-50%",19,14,13
"40-50%",19,15,19
"40-50%",20,1,19
"40-50%",20,2,13
"40-50%",20,3,12
"40-50%",20,4,20
"40-50%",20,5,19
"40-50%",20,6,20
"40-50%",20,7,20
"40-50%",20,8,12
"40-50%",20,9,12
"40-50%",20,10,20
"40-50%",20,11,12
"40-50%",20,12,20
"40-50%",20,13,12
"40-50%",20,14,12
"40-50%",20,15,12
"40-50%",21,1,20
"40-50%",21,2,21
"40-50%",21,3,16
"40-50%",21,4,11
"40-50%",21,5,21
"40-50%",21,6,21
"40-50%",21,7,20
"40-50%",21,8,20
"40-50%",21,9,21
"40-50%",21,10,14
"40-50%",21,11,21
"40-50%",21,12,20
"40-50%",21,13,21
"40-50%",21,14,12
"40-50%",21,15,11
"40-50%",22,1,21
"40-50%",22,2,12
"40-50%",22,3,13
"40-50%",22,4,22
"40-50%",22,5,21
"40-50%",22,6,22
"40-50%",22,7,22
"40-50%",22,8,12
"40-50%",22,9,12
"40-50%",22,10,22
"40-50%",22,11,13
"40-50%",22,12,22
"40-50%",22,13,22
"40-50%",22,14,12
"40-50%",22,15,22
"40-50%",23,1,11
"40-50%",23,2,13
"40-50%",23,3,13
"40-50%",23,4,15
"40-50%",23,5,14
"40-50%",23,6,23
"40-50%",23,7,13
"40-50%",23,8,13
"40-50%",23,9,22
"40-50%",23,10,23
"40-50%",23,11,23
"40-50%",23,12,22
"40-50%",23,13,13
"40-50%",23,14,14
"40-50%",23,15,23
"40-50%",24,1,23
"40-50%",24,2,23
"40-50%",24,3,23
"40-50%",24,4,24
"40-50%",24,5,23
"40-50%",24,6,23
"40-50%",24,7,14
"40-50%",24,8,23
"40-50%",24,9,24
"40-50%",24,10,23
"40-50%",24,11,24
"40-50%",24,12,23
"40-50%",24,13,24
"40-50%",24,14,24
"40-50%",24,15,24
"40-50%",25,1,25
"40-50%",25,2,25
"40-50%",25,3,24
"40-50%",25,4,14
"40-50%",25,5,25
"40-50%",25,6,25
"40-50%",25,7,24
"40-50%",25,8,25
"40-50%",25,9,24
"40-50%",25,10,14
"40-50%",25,11,25
"40-50%",25,12,24
"40-50%",25,13,24
"40-50%",25,14,24
"40-50%",25,15,25
"40-50%",26,1,26
"40-50%",26,2,26
"40-50%",26,3,14
"40-50%",26,4,26
"40-50%",26,5,15
"40-50%",26,6,26
"40-50%",26,7,26
"40-50%",26,8,14
"40-50%",26,9,26
"40-50%",26,10,13
"40-50%",26,11,14
"40-50%",26,12,15
"40-50%",26,13,25
"40-50%",26,14,26
"40-50%",26,15,26
"40-50%",27,1,27
"40-50%",27,2,15
"40-50%",27,3,27
"40-50%",27,4,27
"40-50%",27,5,27
"40-50%",27,6,27
"40-50%",27,7,27
"40-50%",27,8,14
"40-50%",27,9,26
"40-50%",27,10,27
"40-50%",27,11,27
"40-50%",27,12,14
"40-50%",27,13,27
"40-50%",27,14,27
"40-50%",27,15,27
"40-50%",28,1,28
"40-50%",28,2,14
"40-50%",28,3,28
"40-50%",28,4,27
"40-50%",28,5,28
"40-50%",28,6,28
"40-50%",28,7,15
"40-50%",28,8,27
"40-50%",28,9,28
"40-50%",28,10,15
"40-50%",28,11,28
"40-50%",28,12,28
"40-50%",28,13,15
"40-50%",28,14,28
"40-50%",28,15,27
"40-50%",29,1,29
"40-50%",29,2,29
"40-50%",29,3,29
"40-50%",29,4,29
"40-50%",29,5,15
"40-50%",29,6,29
"40-50%",29,7,16
"40-50%",29,8,28
"40-50%",29,9,28
"40-50%",29,10,29
"40-50%",29,11,15
"40-50%",29,12,29
"40-50%",29,13,29
"40-50%",29,14,28
"40-50%",29,15,29
"40-50%",30,1,30
"40-50%",30,2,30
"40-50%",30,3,30
"40-50%",30,4,29
"40-50%",30,5,16
"40-50%",30,6,30
"40-50%",30,7,30
"40-50%",30,8,30
"40-50%",30,9,30
"40-50%",30,10,16
"40-50%",30,11,30
"40-50%",30,12,30
"40-50%",30,13,29
"40-50%",30,14,30
"40-50%",30,15,30
"40-50%",31,1,31
"40-50%",31,2,31
"40-50%",31,3,31
"40-50%",31,4,31
"40-50%",31,5,31
"40-50%",31,6,31
"40-50%",31,7,31
"40-50%",31,8,31
"40-50%",31,9,31
"40-50%",31,10,31
"40-50%",31,11,31
"40-50%",31,12,31
"40-50%",31,13,30
"40-50%",31,14,31
"40-50%",31,15,31
"40-50%",32,1,32
"40-50%",32,2,32
"40-50%",32,3,32
"40-50%",32,4,32
"40-50%",32,5,32
"40-50%",32,6,32
"40-50%",32,7,32
"40-50%",32,8,32
"40-50%",32,9,32
"40-50%",32,10,32
"40-50%",32,11,32
"40-50%",32,12,32
"40-50%",32,13,32
"40-50%",32,14,32
"40-50%",32,15,32
